Workbook
Name Item: #REF!

Sheet FORMULAS
A1: FORMULAS
A3: {=IFERROR(IF(J2="SET",MIN(_xlfn._xlws.FILTER($Z$2:$Z$563, ISNUMBER(MATCH(TRIM($A$2:$A$563), TRIM(_xlfn.TEXTSPLIT(I2, ",")), 0)))),ROUNDUP(Z2*0.8,0))+AA2,Z2)} -> 0 | F3: {=IFERROR(IF(#REF!="SET",IF(#REF!="Steak Set",ROUNDDOWN(MIN(_xlfn._xlws.FILTER($V$3:$V$562,ISNUMBER(MATCH(TRIM($A$3:$A$562),TRIM(_xlfn.TEXTSPLIT(#REF!,",")),0))))/4,0)+E3,IF(MIN(_xlfn._xlws.FILTER($V$3:$V$562,ISNUMBER(MATCH(TRIM($A$3:$A$562),TRIM(_xlfn.TEXTSPLIT(#REF!,",")),0))))>$L$1,MIN(_xlfn._xlws.FILTER($V$3:$V$562,ISNUMBER(MATCH(TRIM($A$3:$A$562),TRIM(_xlfn.TEXTSPLIT(#REF!,",")),0))))+E3,0+E3)),ROUNDUP(D3*0.9,0)+E3),ROUNDUP(D3*0.9,0)+E3)} -> 0
A5: =SUBSTITUTE(XLOOKUP(MID($A8,4,2),MID(#REF!,4,2),#REF!,0,0),"565","566")
F6: {=IFERROR(IF(#REF!="SET",IF(#REF!="Steak Set",ROUNDDOWN(MIN(_xlfn._xlws.FILTER($V$3:$V$562,ISNUMBER(MATCH(TRIM($A$3:$A$562),TRIM(_xlfn.TEXTSPLIT(#REF!,",")),0))))/4,0)+E6,IF(MIN(_xlfn._xlws.FILTER($V$3:$V$562,ISNUMBER(MATCH(TRIM($A$3:$A$562),TRIM(_xlfn.TEXTSPLIT(#REF!,",")),0))))>$L$1,MIN(_xlfn._xlws.FILTER($V$3:$V$562,ISNUMBER(MATCH(TRIM($A$3:$A$562),TRIM(_xlfn.TEXTSPLIT(#REF!,",")),0))))+E6,0+E6)),ROUNDUP(D6*0.9,0)+E6),ROUNDUP(D6*0.9,0)+E6)} -> 0

Sheet INSTRUCTIONS 
A1: Steps to update the OOS sheet
A3: 1) Download data from Woocom with the fields - Item, SKU, Stock (For ex, file name is "U1")
A4: 2) In the OOS template file, copy paste the fields - Date, Actual, Adj to three new columns
A5: - Change date to the current date
A6: 4) Use vlookup to update corresponding values from U1 to OOS template file on the particular date
A7: 5) Sort items based on stock count - smallest to largest
A8: 6) Filter the data to purchased goods (send to Alex) and to manufactured goods
A9: 7) Print the sheet and get actual count of the item
A10: 8) Input the numbers back to the sheet in the "actual" column
A11: 9) Determine the adjusted stock count to be updated on the website. Copy paste the formula used in previous day's adjusted column
A12: 10) Vlookup the adjusted values back to U1 file and upload to the website
A13: - save in CSV format and keep it plain (without any formatting)
... A23: Upload SKU and stock columns in a separate csv file

Sheet INVENTORY
D1: MIN QTY | E1: 2 | T1: 5
A2: SKU | B2: SKU | C2: DOW | D2: EA/ SET | E2: M / P | F2: Disco (Latest) | G2: Note | H2: DESCRIPTION | I2: turner | J2: CATEGORY | K2: DIVISON | L2: FAMILY | M2: SELECT | N2: CONTAINS | O2: Inventory | P2: Ready Sets | Q2: Stock (To upload on website) | T2: LOW STOCK
A3: 5005 | B3: 05005 | C3: FRI | D3: EA | E3: P | H3: TreeSpirit™ Individual 7.5" Solid Wood Salad Bowls - Walnut | I3: =ISNUMBER(SEARCH($I$2,H3)) -> FALSE | J3: TreeSpirit™ | K3: Utensils | L3: Utensils | O3: 9 | P3: {=_xlfn.XLOOKUP(TRIM(B3),TRIM('[1]wc-product-export-16-3-2026-177'!$A:$A),'[1]wc-product-export-16-3-2026-177'!$D:$D,0,0)} -> 0 | Q3: {=IF(TRIM($D3)="SET",IF($K3="Steak Set1",ROUNDDOWN(IFERROR(MIN(_xlfn._xlws.FILTER(O$3:O$650,ISNUMBER(MATCH(TRIM($B$3:$B$650),TRIM(_xlfn.TEXTSPLIT($N3,",")),0)))),0)/4,0)+P3,IF(IFERROR(MIN(_xlfn._xlws.FILTER(O$3:O$650,ISNUMBER(MATCH(TRIM($B$3:$B$650),TRIM(_xlfn.TEXTSPLIT($N3,",")),0)))),0)>=$E$1,IFERROR(MIN(_xlfn._xlws.FILTER(O$3:O$650,ISNUMBER(MATCH(TRIM($B$3:$B$650),TRIM(_xlfn.TEXTSPLIT($N3,",")),0)))),0)+P3,P3)),IF(TRIM($D3)="EA",IF(TRIM($E3)="M",ROUNDUP(O3*0.85,0),IF(TRIM($E3)="P",O3,P3)),P3))} -> 9 | T3: {=IFERROR(IF(D3="SET",_xlfn.TEXTJOIN(", ",TRUE,_xlfn._xlws.FILTER(TRANSPOSE(TRIM(_xlfn.TEXTSPLIT(N3,","))),COUNTIFS(B$3:B$650,TRANSPOSE(TRIM(_xlfn.TEXTSPLIT(N3,","))),O$3:O$650,"<="&$T$1))),""),"")}
A4: 5006 | B4: 05006 | C4: FRI | D4: EA | E4: P | H4: TreeSpirit™ Individual 7.5" Solid Wood Salad Bowls - Cherry | I4: =ISNUMBER(SEARCH($I$2,H4)) -> FALSE | J4: TreeSpirit™ | K4: Utensils | L4: Utensils | O4: 17 | P4: {=_xlfn.XLOOKUP(TRIM(B4),TRIM('[1]wc-product-export-16-3-2026-177'!$A:$A),'[1]wc-product-export-16-3-2026-177'!$D:$D,0,0)} -> 0 | Q4: {=IF(TRIM($D4)="SET",IF($K4="Steak Set1",ROUNDDOWN(IFERROR(MIN(_xlfn._xlws.FILTER(O$3:O$650,ISNUMBER(MATCH(TRIM($B$3:$B$650),TRIM(_xlfn.TEXTSPLIT($N4,",")),0)))),0)/4,0)+P4,IF(IFERROR(MIN(_xlfn._xlws.FILTER(O$3:O$650,ISNUMBER(MATCH(TRIM($B$3:$B$650),TRIM(_xlfn.TEXTSPLIT($N4,",")),0)))),0)>=$E$1,IFERROR(MIN(_xlfn._xlws.FILTER(O$3:O$650,ISNUMBER(MATCH(TRIM($B$3:$B$650),TRIM(_xlfn.TEXTSPLIT($N4,",")),0)))),0)+P4,P4)),IF(TRIM($D4)="EA",IF(TRIM($E4)="M",ROUNDUP(O4*0.85,0),IF(TRIM($E4)="P",O4,P4)),P4))} -> 17 | T4: {=IFERROR(IF(D4="SET",_xlfn.TEXTJOIN(", ",TRUE,_xlfn._xlws.FILTER(TRANSPOSE(TRIM(_xlfn.TEXTSPLIT(N4,","))),COUNTIFS(B$3:B$650,TRANSPOSE(TRIM(_xlfn.TEXTSPLIT(N4,","))),O$3:O$650,"<="&$T$1))),""),"")}
A5: 5013 | B5: 05013 | C5: FRI | D5: EA | E5: P | H5: TreeSpirit™ Individual 9" Solid Wood Salad Bowls - Walnut | I5: =ISNUMBER(SEARCH($I$2,H5)) -> FALSE | J5: TreeSpirit™ | K5: Utensils | L5: Utensils | O5: 16 | P5: {=_xlfn.XLOOKUP(TRIM(B5),TRIM('[1]wc-product-export-16-3-2026-177'!$A:$A),'[1]wc-product-export-16-3-2026-177'!$D:$D,0,0)} -> 0 | Q5: {=IF(TRIM($D5)="SET",IF($K5="Steak Set1",ROUNDDOWN(IFERROR(MIN(_xlfn._xlws.FILTER(O$3:O$650,ISNUMBER(MATCH(TRIM($B$3:$B$650),TRIM(_xlfn.TEXTSPLIT($N5,",")),0)))),0)/4,0)+P5,IF(IFERROR(MIN(_xlfn._xlws.FILTER(O$3:O$650,ISNUMBER(MATCH(TRIM($B$3:$B$650),TRIM(_xlfn.TEXTSPLIT($N5,",")),0)))),0)>=$E$1,IFERROR(MIN(_xlfn._xlws.FILTER(O$3:O$650,ISNUMBER(MATCH(TRIM($B$3:$B$650),TRIM(_xlfn.TEXTSPLIT($N5,",")),0)))),0)+P5,P5)),IF(TRIM($D5)="EA",IF(TRIM($E5)="M",ROUNDUP(O5*0.85,0),IF(TRIM($E5)="P",O5,P5)),P5))} -> 16 | T5: {=IFERROR(IF(D5="SET",_xlfn.TEXTJOIN(", ",TRUE,_xlfn._xlws.FILTER(TRANSPOSE(TRIM(_xlfn.TEXTSPLIT(N5,","))),COUNTIFS(B$3:B$650,TRANSPOSE(TRIM(_xlfn.TEXTSPLIT(N5,","))),O$3:O$650,"<="&$T$1))),""),"")}
B6: 02020 | C6: FRI | D6: EA | E6: P | H6: TS 2" MAPLE CONDIMENT CUP BULK | I6: =ISNUMBER(SEARCH($I$2,H6)) -> FALSE | J6: TreeSpirit™ | K6: Utensils | L6: Utensils | O6: N/A | P6: {=_xlfn.XLOOKUP(TRIM(B6),TRIM('[1]wc-product-export-16-3-2026-177'!$A:$A),'[1]wc-product-export-16-3-2026-177'!$D:$D,0,0)} -> 0 | T6: {=IFERROR(IF(D6="SET",_xlfn.TEXTJOIN(", ",TRUE,_xlfn._xlws.FILTER(TRANSPOSE(TRIM(_xlfn.TEXTSPLIT(N6,","))),COUNTIFS(B$3:B$650,TRANSPOSE(TRIM(_xlfn.TEXTSPLIT(N6,","))),O$3:O$650,"<="&$T$1))),""),"")}
A7: 5050 | B7: 05050 | C7: FRI | D7: EA | E7: M | H7: TreeSpirit™ Beekeeper's Gold 8 fl oz tub | I7: =ISNUMBER(SEARCH($I$2,H7)) -> FALSE | J7: TreeSpirit™ | K7: Protection | L7: Protection | O7: 16 | P7: {=_xlfn.XLOOKUP(TRIM(B7),TRIM('[1]wc-product-export-16-3-2026-177'!$A:$A),'[1]wc-product-export-16-3-2026-177'!$D:$D,0,0)} -> 0 | Q7: {=IF(TRIM($D7)="SET",IF($K7="Steak Set1",ROUNDDOWN(IFERROR(MIN(_xlfn._xlws.FILTER(O$3:O$650,ISNUMBER(MATCH(TRIM($B$3:$B$650),TRIM(_xlfn.TEXTSPLIT($N7,",")),0)))),0)/4,0)+P7,IF(IFERROR(MIN(_xlfn._xlws.FILTER(O$3:O$650,ISNUMBER(MATCH(TRIM($B$3:$B$650),TRIM(_xlfn.TEXTSPLIT($N7,",")),0)))),0)>=$E$1,IFERROR(MIN(_xlfn._xlws.FILTER(O$3:O$650,ISNUMBER(MATCH(TRIM($B$3:$B$650),TRIM(_xlfn.TEXTSPLIT($N7,",")),0)))),0)+P7,P7)),IF(TRIM($D7)="EA",IF(TRIM($E7)="M",ROUNDUP(O7*0.85,0),IF(TRIM($E7)="P",O7,P7)),P7))} -> 14 | T7: {=IFERROR(IF(D7="SET",_xlfn.TEXTJOIN(", ",TRUE,_xlfn._xlws.FILTER(TRANSPOSE(TRIM(_xlfn.TEXTSPLIT(N7,","))),COUNTIFS(B$3:B$650,TRANSPOSE(TRIM(_xlfn.TEXTSPLIT(N7,","))),O$3:O$650,"<="&$T$1))),""),"")}
A8: 5072 | B8: 05072 | C8: FRI | D8: SET | E8: M | F8: X | H8: Leather & Wood Preservation Set (Beekeeper's Gold & 8 oz Mineral Oil) | I8: =ISNUMBER(SEARCH($I$2,H8)) -> FALSE | J8: TreeSpirit™ | K8: Protection | L8: Protection | N8: 05050,05099 | O8: 18 | P8: {=_xlfn.XLOOKUP(TRIM(B8),TRIM('[1]wc-product-export-16-3-2026-177'!$A:$A),'[1]wc-product-export-16-3-2026-177'!$D:$D,0,0)} -> 0 | Q8: {=IF(TRIM($D8)="SET",IF($K8="Steak Set1",ROUNDDOWN(IFERROR(MIN(_xlfn._xlws.FILTER(O$3:O$650,ISNUMBER(MATCH(TRIM($B$3:$B$650),TRIM(_xlfn.TEXTSPLIT($N8,",")),0)))),0)/4,0)+P8,IF(IFERROR(MIN(_xlfn._xlws.FILTER(O$3:O$650,ISNUMBER(MATCH(TRIM($B$3:$B$650),TRIM(_xlfn.TEXTSPLIT($N8,",")),0)))),0)>=$E$1,IFERROR(MIN(_xlfn._xlws.FILTER(O$3:O$650,ISNUMBER(MATCH(TRIM($B$3:$B$650),TRIM(_xlfn.TEXTSPLIT($N8,",")),0)))),0)+P8,P8)),IF(TRIM($D8)="EA",IF(TRIM($E8)="M",ROUNDUP(O8*0.85,0),IF(TRIM($E8)="P",O8,P8)),P8))} -> 16 | T8: {=IFERROR(IF(D8="SET",_xlfn.TEXTJOIN(", ",TRUE,_xlfn._xlws.FILTER(TRANSPOSE(TRIM(_xlfn.TEXTSPLIT(N8,","))),COUNTIFS(B$3:B$650,TRANSPOSE(TRIM(_xlfn.TEXTSPLIT(N8,","))),O$3:O$650,"<="&$T$1))),""),"")}
B9: 05073 | C9: FRI | D9: SET | E9: M | H9: Beekeeper's Gold and 12 oz Mineral Oil - Wood and Leather Preservation Set | I9: =ISNUMBER(SEARCH($I$2,H9)) -> FALSE | J9: TreeSpirit™ | K9: Protection | L9: Protection | N9: 05050,05097 | O9: 16 | P9: {=_xlfn.XLOOKUP(TRIM(B9),TRIM('[1]wc-product-export-16-3-2026-177'!$A:$A),'[1]wc-product-export-16-3-2026-177'!$D:$D,0,0)} -> 0 | Q9: {=IF(TRIM($D9)="SET",IF($K9="Steak Set1",ROUNDDOWN(IFERROR(MIN(_xlfn._xlws.FILTER(O$3:O$650,ISNUMBER(MATCH(TRIM($B$3:$B$650),TRIM(_xlfn.TEXTSPLIT($N9,",")),0)))),0)/4,0)+P9,IF(IFERROR(MIN(_xlfn._xlws.FILTER(O$3:O$650,ISNUMBER(MATCH(TRIM($B$3:$B$650),TRIM(_xlfn.TEXTSPLIT($N9,",")),0)))),0)>=$E$1,IFERROR(MIN(_xlfn._xlws.FILTER(O$3:O$650,ISNUMBER(MATCH(TRIM($B$3:$B$650),TRIM(_xlfn.TEXTSPLIT($N9,",")),0)))),0)+P9,P9)),IF(TRIM($D9)="EA",IF(TRIM($E9)="M",ROUNDUP(O9*0.85,0),IF(TRIM($E9)="P",O9,P9)),P9))} -> 16 | T9: {=IFERROR(IF(D9="SET",_xlfn.TEXTJOIN(", ",TRUE,_xlfn._xlws.FILTER(TRANSPOSE(TRIM(_xlfn.TEXTSPLIT(N9,","))),COUNTIFS(B$3:B$650,TRANSPOSE(TRIM(_xlfn.TEXTSPLIT(N9,","))),O$3:O$650,"<="&$T$1))),""),"")}
A10: 20000 | B10: 20000 | C10: FRI | D10: EA | E10: M | F10: Z | H10: TT 3" SPATULA-FLEX, CG | I10: =ISNUMBER(SEARCH($I$2,H10)) -> FALSE | J10: Trade Tools | K10: Trade Tools | L10: Trade Tools | O10: N/A | P10: {=_xlfn.XLOOKUP(TRIM(B10),TRIM('[1]wc-product-export-16-3-2026-177'!$A:$A),'[1]wc-product-export-16-3-2026-177'!$D:$D,0,0)} -> 0 | Q10: {=IF(TRIM($D10)="SET",IF($K10="Steak Set1",ROUNDDOWN(IFERROR(MIN(_xlfn._xlws.FILTER(O$3:O$650,ISNUMBER(MATCH(TRIM($B$3:$B$650),TRIM(_xlfn.TEXTSPLIT($N10,",")),0)))),0)/4,0)+P10,IF(IFERROR(MIN(_xlfn._xlws.FILTER(O$3:O$650,ISNUMBER(MATCH(TRIM($B$3:$B$650),TRIM(_xlfn.TEXTSPLIT($N10,",")),0)))),0)>=$E$1,IFERROR(MIN(_xlfn._xlws.FILTER(O$3:O$650,ISNUMBER(MATCH(TRIM($B$3:$B$650),TRIM(_xlfn.TEXTSPLIT($N10,",")),0)))),0)+P10,P10)),IF(TRIM($D10)="EA",IF(TRIM($E10)="M",ROUNDUP(O10*0.85,0),IF(TRIM($E10)="P",O10,P10)),P10))} -> #VALUE! | T10: {=IFERROR(IF(D10="SET",_xlfn.TEXTJOIN(", ",TRUE,_xlfn._xlws.FILTER(TRANSPOSE(TRIM(_xlfn.TEXTSPLIT(N10,","))),COUNTIFS(B$3:B$650,TRANSPOSE(TRIM(_xlfn.TEXTSPLIT(N10,","))),O$3:O$650,"<="&$T$1))),""),"")}
A11: 20020 | B11: 20020 | C11: FRI | D11: EA | E11: M | H11: TT 4" SPATULA-FLEX, CG | I11: =ISNUMBER(SEARCH($I$2,H11)) -> FALSE | J11: Trade Tools | K11: Trade Tools | L11: Trade Tools | O11: N/A | P11: {=_xlfn.XLOOKUP(TRIM(B11),TRIM('[1]wc-product-export-16-3-2026-177'!$A:$A),'[1]wc-product-export-16-3-2026-177'!$D:$D,0,0)} -> 0 | Q11: {=IF(TRIM($D11)="SET",IF($K11="Steak Set1",ROUNDDOWN(IFERROR(MIN(_xlfn._xlws.FILTER(O$3:O$650,ISNUMBER(MATCH(TRIM($B$3:$B$650),TRIM(_xlfn.TEXTSPLIT($N11,",")),0)))),0)/4,0)+P11,IF(IFERROR(MIN(_xlfn._xlws.FILTER(O$3:O$650,ISNUMBER(MATCH(TRIM($B$3:$B$650),TRIM(_xlfn.TEXTSPLIT($N11,",")),0)))),0)>=$E$1,IFERROR(MIN(_xlfn._xlws.FILTER(O$3:O$650,ISNUMBER(MATCH(TRIM($B$3:$B$650),TRIM(_xlfn.TEXTSPLIT($N11,",")),0)))),0)+P11,P11)),IF(TRIM($D11)="EA",IF(TRIM($E11)="M",ROUNDUP(O11*0.85,0),IF(TRIM($E11)="P",O11,P11)),P11))} -> #VALUE! | T11: {=IFERROR(IF(D11="SET",_xlfn.TEXTJOIN(", ",TRUE,_xlfn._xlws.FILTER(TRANSPOSE(TRIM(_xlfn.TEXTSPLIT(N11,","))),COUNTIFS(B$3:B$650,TRANSPOSE(TRIM(_xlfn.TEXTSPLIT(N11,","))),O$3:O$650,"<="&$T$1))),""),"")}
A12: 5044 | B12: 05044 | C12: FRI | D12: SET | E12: P | H12: TreeSpirit™ 2-Piece Salad Server Sets - Maple 12" | I12: =ISNUMBER(SEARCH($I$2,H12)) -> FALSE | J12: TreeSpirit™ | K12: Utensils | L12: Utensils | O12: N/A | P12: {=_xlfn.XLOOKUP(TRIM(B12),TRIM('[1]wc-product-export-16-3-2026-177'!$A:$A),'[1]wc-product-export-16-3-2026-177'!$D:$D,0,0)} -> 0 | Q12: {=IF(TRIM($D12)="SET",IF($K12="Steak Set1",ROUNDDOWN(IFERROR(MIN(_xlfn._xlws.FILTER(O$3:O$650,ISNUMBER(MATCH(TRIM($B$3:$B$650),TRIM(_xlfn.TEXTSPLIT($N12,",")),0)))),0)/4,0)+P12,IF(IFERROR(MIN(_xlfn._xlws.FILTER(O$3:O$650,ISNUMBER(MATCH(TRIM($B$3:$B$650),TRIM(_xlfn.TEXTSPLIT($N12,",")),0)))),0)>=$E$1,IFERROR(MIN(_xlfn._xlws.FILTER(O$3:O$650,ISNUMBER(MATCH(TRIM($B$3:$B$650),TRIM(_xlfn.TEXTSPLIT($N12,",")),0)))),0)+P12,P12)),IF(TRIM($D12)="EA",IF(TRIM($E12)="M",ROUNDUP(O12*0.85,0),IF(TRIM($E12)="P",O12,P12)),P12))} -> 0 | T12: {=IFERROR(IF(D12="SET",_xlfn.TEXTJOIN(", ",TRUE,_xlfn._xlws.FILTER(TRANSPOSE(TRIM(_xlfn.TEXTSPLIT(N12,","))),COUNTIFS(B$3:B$650,TRANSPOSE(TRIM(_xlfn.TEXTSPLIT(N12,","))),O$3:O$650,"<="&$T$1))),""),"")}
A13: 5047 | B13: 05047 | C13: FRI | D13: SET | E13: P | F13: X | H13: TreeSpirit™ 2-Piece Salad Server Sets - Maple 14" | I13: =ISNUMBER(SEARCH($I$2,H13)) -> FALSE | J13: TreeSpirit™ | K13: Utensils | L13: Utensils | O13: N/A | P13: {=_xlfn.XLOOKUP(TRIM(B13),TRIM('[1]wc-product-export-16-3-2026-177'!$A:$A),'[1]wc-product-export-16-3-2026-177'!$D:$D,0,0)} -> 0 | Q13: {=IF(TRIM($D13)="SET",IF($K13="Steak Set1",ROUNDDOWN(IFERROR(MIN(_xlfn._xlws.FILTER(O$3:O$650,ISNUMBER(MATCH(TRIM($B$3:$B$650),TRIM(_xlfn.TEXTSPLIT($N13,",")),0)))),0)/4,0)+P13,IF(IFERROR(MIN(_xlfn._xlws.FILTER(O$3:O$650,ISNUMBER(MATCH(TRIM($B$3:$B$650),TRIM(_xlfn.TEXTSPLIT($N13,",")),0)))),0)>=$E$1,IFERROR(MIN(_xlfn._xlws.FILTER(O$3:O$650,ISNUMBER(MATCH(TRIM($B$3:$B$650),TRIM(_xlfn.TEXTSPLIT($N13,",")),0)))),0)+P13,P13)),IF(TRIM($D13)="EA",IF(TRIM($E13)="M",ROUNDUP(O13*0.85,0),IF(TRIM($E13)="P",O13,P13)),P13))} -> 0 | T13: {=IFERROR(IF(D13="SET",_xlfn.TEXTJOIN(", ",TRUE,_xlfn._xlws.FILTER(TRANSPOSE(TRIM(_xlfn.TEXTSPLIT(N13,","))),COUNTIFS(B$3:B$650,TRANSPOSE(TRIM(_xlfn.TEXTSPLIT(N13,","))),O$3:O$650,"<="&$T$1))),""),"")}
A14: 20040 | B14: 20040 | C14: FRI | D14: EA | E14: M | F14: Z | H14: TT 5" SPATULA-FLEX, CG | I14: =ISNUMBER(SEARCH($I$2,H14)) -> FALSE | J14: Trade Tools | K14: Trade Tools | L14: Trade Tools | O14: N/A | P14: {=_xlfn.XLOOKUP(TRIM(B14),TRIM('[1]wc-product-export-16-3-2026-177'!$A:$A),'[1]wc-product-export-16-3-2026-177'!$D:$D,0,0)} -> 0 | Q14: {=IF(TRIM($D14)="SET",IF($K14="Steak Set1",ROUNDDOWN(IFERROR(MIN(_xlfn._xlws.FILTER(O$3:O$650,ISNUMBER(MATCH(TRIM($B$3:$B$650),TRIM(_xlfn.TEXTSPLIT($N14,",")),0)))),0)/4,0)+P14,IF(IFERROR(MIN(_xlfn._xlws.FILTER(O$3:O$650,ISNUMBER(MATCH(TRIM($B$3:$B$650),TRIM(_xlfn.TEXTSPLIT($N14,",")),0)))),0)>=$E$1,IFERROR(MIN(_xlfn._xlws.FILTER(O$3:O$650,ISNUMBER(MATCH(TRIM($B$3:$B$650),TRIM(_xlfn.TEXTSPLIT($N14,",")),0)))),0)+P14,P14)),IF(TRIM($D14)="EA",IF(TRIM($E14)="M",ROUNDUP(O14*0.85,0),IF(TRIM($E14)="P",O14,P14)),P14))} -> #VALUE! | T14: {=IFERROR(IF(D14="SET",_xlfn.TEXTJOIN(", ",TRUE,_xlfn._xlws.FILTER(TRANSPOSE(TRIM(_xlfn.TEXTSPLIT(N14,","))),COUNTIFS(B$3:B$650,TRANSPOSE(TRIM(_xlfn.TEXTSPLIT(N14,","))),O$3:O$650,"<="&$T$1))),""),"")}
A15: 20060 | B15: 20060 | C15: FRI | D15: EA | E15: M | H15: TT 6" SPATULA-FLEX, CG | I15: =ISNUMBER(SEARCH($I$2,H15)) -> FALSE | J15: Trade Tools | K15: Trade Tools | L15: Trade Tools | O15: N/A | P15: {=_xlfn.XLOOKUP(TRIM(B15),TRIM('[1]wc-product-export-16-3-2026-177'!$A:$A),'[1]wc-product-export-16-3-2026-177'!$D:$D,0,0)} -> 0 | Q15: {=IF(TRIM($D15)="SET",IF($K15="Steak Set1",ROUNDDOWN(IFERROR(MIN(_xlfn._xlws.FILTER(O$3:O$650,ISNUMBER(MATCH(TRIM($B$3:$B$650),TRIM(_xlfn.TEXTSPLIT($N15,",")),0)))),0)/4,0)+P15,IF(IFERROR(MIN(_xlfn._xlws.FILTER(O$3:O$650,ISNUMBER(MATCH(TRIM($B$3:$B$650),TRIM(_xlfn.TEXTSPLIT($N15,",")),0)))),0)>=$E$1,IFERROR(MIN(_xlfn._xlws.FILTER(O$3:O$650,ISNUMBER(MATCH(TRIM($B$3:$B$650),TRIM(_xlfn.TEXTSPLIT($N15,",")),0)))),0)+P15,P15)),IF(TRIM($D15)="EA",IF(TRIM($E15)="M",ROUNDUP(O15*0.85,0),IF(TRIM($E15)="P",O15,P15)),P15))} -> #VALUE! | T15: {=IFERROR(IF(D15="SET",_xlfn.TEXTJOIN(", ",TRUE,_xlfn._xlws.FILTER(TRANSPOSE(TRIM(_xlfn.TEXTSPLIT(N15,","))),COUNTIFS(B$3:B$650,TRANSPOSE(TRIM(_xlfn.TEXTSPLIT(N15,","))),O$3:O$650,"<="&$T$1))),""),"")}
A16: 20120 | B16: 20120 | C16: FRI | D16: EA | E16: M | H16: TT 2" SPATULA-STIFF, WLNT | I16: =ISNUMBER(SEARCH($I$2,H16)) -> FALSE | J16: Trade Tools | K16: Trade Tools | L16: Trade Tools | O16: N/A | P16: {=_xlfn.XLOOKUP(TRIM(B16),TRIM('[1]wc-product-export-16-3-2026-177'!$A:$A),'[1]wc-product-export-16-3-2026-177'!$D:$D,0,0)} -> 0 | Q16: {=IF(TRIM($D16)="SET",IF($K16="Steak Set1",ROUNDDOWN(IFERROR(MIN(_xlfn._xlws.FILTER(O$3:O$650,ISNUMBER(MATCH(TRIM($B$3:$B$650),TRIM(_xlfn.TEXTSPLIT($N16,",")),0)))),0)/4,0)+P16,IF(IFERROR(MIN(_xlfn._xlws.FILTER(O$3:O$650,ISNUMBER(MATCH(TRIM($B$3:$B$650),TRIM(_xlfn.TEXTSPLIT($N16,",")),0)))),0)>=$E$1,IFERROR(MIN(_xlfn._xlws.FILTER(O$3:O$650,ISNUMBER(MATCH(TRIM($B$3:$B$650),TRIM(_xlfn.TEXTSPLIT($N16,",")),0)))),0)+P16,P16)),IF(TRIM($D16)="EA",IF(TRIM($E16)="M",ROUNDUP(O16*0.85,0),IF(TRIM($E16)="P",O16,P16)),P16))} -> #VALUE! | T16: {=IFERROR(IF(D16="SET",_xlfn.TEXTJOIN(", ",TRUE,_xlfn._xlws.FILTER(TRANSPOSE(TRIM(_xlfn.TEXTSPLIT(N16,","))),COUNTIFS(B$3:B$650,TRANSPOSE(TRIM(_xlfn.TEXTSPLIT(N16,","))),O$3:O$650,"<="&$T$1))),""),"")}
A17: 20140 | B17: 20140 | C17: FRI | D17: EA | E17: M | H17: TT 3" SPATULA-FLEX, WLNT | I17: =ISNUMBER(SEARCH($I$2,H17)) -> FALSE | J17: Trade Tools | K17: Trade Tools | L17: Trade Tools | O17: N/A | P17: {=_xlfn.XLOOKUP(TRIM(B17),TRIM('[1]wc-product-export-16-3-2026-177'!$A:$A),'[1]wc-product-export-16-3-2026-177'!$D:$D,0,0)} -> 0 | Q17: {=IF(TRIM($D17)="SET",IF($K17="Steak Set1",ROUNDDOWN(IFERROR(MIN(_xlfn._xlws.FILTER(O$3:O$650,ISNUMBER(MATCH(TRIM($B$3:$B$650),TRIM(_xlfn.TEXTSPLIT($N17,",")),0)))),0)/4,0)+P17,IF(IFERROR(MIN(_xlfn._xlws.FILTER(O$3:O$650,ISNUMBER(MATCH(TRIM($B$3:$B$650),TRIM(_xlfn.TEXTSPLIT($N17,",")),0)))),0)>=$E$1,IFERROR(MIN(_xlfn._xlws.FILTER(O$3:O$650,ISNUMBER(MATCH(TRIM($B$3:$B$650),TRIM(_xlfn.TEXTSPLIT($N17,",")),0)))),0)+P17,P17)),IF(TRIM($D17)="EA",IF(TRIM($E17)="M",ROUNDUP(O17*0.85,0),IF(TRIM($E17)="P",O17,P17)),P17))} -> #VALUE! | T17: {=IFERROR(IF(D17="SET",_xlfn.TEXTJOIN(", ",TRUE,_xlfn._xlws.FILTER(TRANSPOSE(TRIM(_xlfn.TEXTSPLIT(N17,","))),COUNTIFS(B$3:B$650,TRANSPOSE(TRIM(_xlfn.TEXTSPLIT(N17,","))),O$3:O$650,"<="&$T$1))),""),"")}
A18: 20220 | B18: 20220 | C18: FRI | D18: EA | E18: M | H18: TT 4" SPATULA-FLEX, WLNT | I18: =ISNUMBER(SEARCH($I$2,H18)) -> FALSE | J18: Trade Tools | K18: Trade Tools | L18: Trade Tools | O18: N/A | P18: {=_xlfn.XLOOKUP(TRIM(B18),TRIM('[1]wc-product-export-16-3-2026-177'!$A:$A),'[1]wc-product-export-16-3-2026-177'!$D:$D,0,0)} -> 0 | Q18: {=IF(TRIM($D18)="SET",IF($K18="Steak Set1",ROUNDDOWN(IFERROR(MIN(_xlfn._xlws.FILTER(O$3:O$650,ISNUMBER(MATCH(TRIM($B$3:$B$650),TRIM(_xlfn.TEXTSPLIT($N18,",")),0)))),0)/4,0)+P18,IF(IFERROR(MIN(_xlfn._xlws.FILTER(O$3:O$650,ISNUMBER(MATCH(TRIM($B$3:$B$650),TRIM(_xlfn.TEXTSPLIT($N18,",")),0)))),0)>=$E$1,IFERROR(MIN(_xlfn._xlws.FILTER(O$3:O$650,ISNUMBER(MATCH(TRIM($B$3:$B$650),TRIM(_xlfn.TEXTSPLIT($N18,",")),0)))),0)+P18,P18)),IF(TRIM($D18)="EA",IF(TRIM($E18)="M",ROUNDUP(O18*0.85,0),IF(TRIM($E18)="P",O18,P18)),P18))} -> #VALUE! | T18: {=IFERROR(IF(D18="SET",_xlfn.TEXTJOIN(", ",TRUE,_xlfn._xlws.FILTER(TRANSPOSE(TRIM(_xlfn.TEXTSPLIT(N18,","))),COUNTIFS(B$3:B$650,TRANSPOSE(TRIM(_xlfn.TEXTSPLIT(N18,","))),O$3:O$650,"<="&$T$1))),""),"")}
A19: 20300 | B19: 20300 | C19: FRI | D19: EA | E19: M | H19: TT 5" SPATULA-FLEX, WLNT | I19: =ISNUMBER(SEARCH($I$2,H19)) -> FALSE | J19: Trade Tools | K19: Trade Tools | L19: Trade Tools | O19: N/A | P19: {=_xlfn.XLOOKUP(TRIM(B19),TRIM('[1]wc-product-export-16-3-2026-177'!$A:$A),'[1]wc-product-export-16-3-2026-177'!$D:$D,0,0)} -> 0 | Q19: {=IF(TRIM($D19)="SET",IF($K19="Steak Set1",ROUNDDOWN(IFERROR(MIN(_xlfn._xlws.FILTER(O$3:O$650,ISNUMBER(MATCH(TRIM($B$3:$B$650),TRIM(_xlfn.TEXTSPLIT($N19,",")),0)))),0)/4,0)+P19,IF(IFERROR(MIN(_xlfn._xlws.FILTER(O$3:O$650,ISNUMBER(MATCH(TRIM($B$3:$B$650),TRIM(_xlfn.TEXTSPLIT($N19,",")),0)))),0)>=$E$1,IFERROR(MIN(_xlfn._xlws.FILTER(O$3:O$650,ISNUMBER(MATCH(TRIM($B$3:$B$650),TRIM(_xlfn.TEXTSPLIT($N19,",")),0)))),0)+P19,P19)),IF(TRIM($D19)="EA",IF(TRIM($E19)="M",ROUNDUP(O19*0.85,0),IF(TRIM($E19)="P",O19,P19)),P19))} -> #VALUE! | T19: {=IFERROR(IF(D19="SET",_xlfn.TEXTJOIN(", ",TRUE,_xlfn._xlws.FILTER(TRANSPOSE(TRIM(_xlfn.TEXTSPLIT(N19,","))),COUNTIFS(B$3:B$650,TRANSPOSE(TRIM(_xlfn.TEXTSPLIT(N19,","))),O$3:O$650,"<="&$T$1))),""),"")}
A20: 20360 | B20: 20360 | C20: FRI | D20: EA | E20: M | H20: 6" SPATULA-FLEX WLNT | I20: =ISNUMBER(SEARCH($I$2,H20)) -> FALSE | J20: Trade Tools | K20: Trade Tools | L20: Trade Tools | O20: N/A | P20: {=_xlfn.XLOOKUP(TRIM(B20),TRIM('[1]wc-product-export-16-3-2026-177'!$A:$A),'[1]wc-product-export-16-3-2026-177'!$D:$D,0,0)} -> 0 | Q20: {=IF(TRIM($D20)="SET",IF($K20="Steak Set1",ROUNDDOWN(IFERROR(MIN(_xlfn._xlws.FILTER(O$3:O$650,ISNUMBER(MATCH(TRIM($B$3:$B$650),TRIM(_xlfn.TEXTSPLIT($N20,",")),0)))),0)/4,0)+P20,IF(IFERROR(MIN(_xlfn._xlws.FILTER(O$3:O$650,ISNUMBER(MATCH(TRIM($B$3:$B$650),TRIM(_xlfn.TEXTSPLIT($N20,",")),0)))),0)>=$E$1,IFERROR(MIN(_xlfn._xlws.FILTER(O$3:O$650,ISNUMBER(MATCH(TRIM($B$3:$B$650),TRIM(_xlfn.TEXTSPLIT($N20,",")),0)))),0)+P20,P20)),IF(TRIM($D20)="EA",IF(TRIM($E20)="M",ROUNDUP(O20*0.85,0),IF(TRIM($E20)="P",O20,P20)),P20))} -> #VALUE! | T20: {=IFERROR(IF(D20="SET",_xlfn.TEXTJOIN(", ",TRUE,_xlfn._xlws.FILTER(TRANSPOSE(TRIM(_xlfn.TEXTSPLIT(N20,","))),COUNTIFS(B$3:B$650,TRANSPOSE(TRIM(_xlfn.TEXTSPLIT(N20,","))),O$3:O$650,"<="&$T$1))),""),"")}
A21: 5014 | B21: 05014 | C21: FRI | D21: EA | E21: P | H21: TreeSpirit™ Individual 9" Solid Wood Salad Bowls - Cherry | I21: =ISNUMBER(SEARCH($I$2,H21)) -> FALSE | J21: TreeSpirit™ | K21: Utensils | L21: Utensils | O21: 11 | P21: {=_xlfn.XLOOKUP(TRIM(B21),TRIM('[1]wc-product-export-16-3-2026-177'!$A:$A),'[1]wc-product-export-16-3-2026-177'!$D:$D,0,0)} -> 0 | Q21: {=IF(TRIM($D21)="SET",IF($K21="Steak Set1",ROUNDDOWN(IFERROR(MIN(_xlfn._xlws.FILTER(O$3:O$650,ISNUMBER(MATCH(TRIM($B$3:$B$650),TRIM(_xlfn.TEXTSPLIT($N21,",")),0)))),0)/4,0)+P21,IF(IFERROR(MIN(_xlfn._xlws.FILTER(O$3:O$650,ISNUMBER(MATCH(TRIM($B$3:$B$650),TRIM(_xlfn.TEXTSPLIT($N21,",")),0)))),0)>=$E$1,IFERROR(MIN(_xlfn._xlws.FILTER(O$3:O$650,ISNUMBER(MATCH(TRIM($B$3:$B$650),TRIM(_xlfn.TEXTSPLIT($N21,",")),0)))),0)+P21,P21)),IF(TRIM($D21)="EA",IF(TRIM($E21)="M",ROUNDUP(O21*0.85,0),IF(TRIM($E21)="P",O21,P21)),P21))} -> 11 | T21: {=IFERROR(IF(D21="SET",_xlfn.TEXTJOIN(", ",TRUE,_xlfn._xlws.FILTER(TRANSPOSE(TRIM(_xlfn.TEXTSPLIT(N21,","))),COUNTIFS(B$3:B$650,TRANSPOSE(TRIM(_xlfn.TEXTSPLIT(N21,","))),O$3:O$650,"<="&$T$1))),""),"")}
A22: 5021 | B22: 05021 | C22: FRI | D22: EA | E22: P | H22: TreeSpirit™ 12" Solid Wood Serving Bowls - Walnut | I22: =ISNUMBER(SEARCH($I$2,H22)) -> FALSE | J22: TreeSpirit™ | K22: Utensils | L22: Utensils | O22: 3 | P22: {=_xlfn.XLOOKUP(TRIM(B22),TRIM('[1]wc-product-export-16-3-2026-177'!$A:$A),'[1]wc-product-export-16-3-2026-177'!$D:$D,0,0)} -> 0 | Q22: {=IF(TRIM($D22)="SET",IF($K22="Steak Set1",ROUNDDOWN(IFERROR(MIN(_xlfn._xlws.FILTER(O$3:O$650,ISNUMBER(MATCH(TRIM($B$3:$B$650),TRIM(_xlfn.TEXTSPLIT($N22,",")),0)))),0)/4,0)+P22,IF(IFERROR(MIN(_xlfn._xlws.FILTER(O$3:O$650,ISNUMBER(MATCH(TRIM($B$3:$B$650),TRIM(_xlfn.TEXTSPLIT($N22,",")),0)))),0)>=$E$1,IFERROR(MIN(_xlfn._xlws.FILTER(O$3:O$650,ISNUMBER(MATCH(TRIM($B$3:$B$650),TRIM(_xlfn.TEXTSPLIT($N22,",")),0)))),0)+P22,P22)),IF(TRIM($D22)="EA",IF(TRIM($E22)="M",ROUNDUP(O22*0.85,0),IF(TRIM($E22)="P",O22,P22)),P22))} -> 3 | T22: {=IFERROR(IF(D22="SET",_xlfn.TEXTJOIN(", ",TRUE,_xlfn._xlws.FILTER(TRANSPOSE(TRIM(_xlfn.TEXTSPLIT(N22,","))),COUNTIFS(B$3:B$650,TRANSPOSE(TRIM(_xlfn.TEXTSPLIT(N22,","))),O$3:O$650,"<="&$T$1))),""),"")}
A23: 20420 | B23: 20420 | C23: FRI | D23: EA | E23: M | F23: X | H23: TT 6" SPATULA-FLEX, WHITE POLY | I23: =ISNUMBER(SEARCH($I$2,H23)) -> FALSE | J23: Trade Tools | K23: Trade Tools | L23: Trade Tools | O23: N/A | P23: {=_xlfn.XLOOKUP(TRIM(B23),TRIM('[1]wc-product-export-16-3-2026-177'!$A:$A),'[1]wc-product-export-16-3-2026-177'!$D:$D,0,0)} -> 0 | Q23: {=IF(TRIM($D23)="SET",IF($K23="Steak Set1",ROUNDDOWN(IFERROR(MIN(_xlfn._xlws.FILTER(O$3:O$650,ISNUMBER(MATCH(TRIM($B$3:$B$650),TRIM(_xlfn.TEXTSPLIT($N23,",")),0)))),0)/4,0)+P23,IF(IFERROR(MIN(_xlfn._xlws.FILTER(O$3:O$650,ISNUMBER(MATCH(TRIM($B$3:$B$650),TRIM(_xlfn.TEXTSPLIT($N23,",")),0)))),0)>=$E$1,IFERROR(MIN(_xlfn._xlws.FILTER(O$3:O$650,ISNUMBER(MATCH(TRIM($B$3:$B$650),TRIM(_xlfn.TEXTSPLIT($N23,",")),0)))),0)+P23,P23)),IF(TRIM($D23)="EA",IF(TRIM($E23)="M",ROUNDUP(O23*0.85,0),IF(TRIM($E23)="P",O23,P23)),P23))} -> #VALUE! | T23: {=IFERROR(IF(D23="SET",_xlfn.TEXTJOIN(", ",TRUE,_xlfn._xlws.FILTER(TRANSPOSE(TRIM(_xlfn.TEXTSPLIT(N23,","))),COUNTIFS(B$3:B$650,TRANSPOSE(TRIM(_xlfn.TEXTSPLIT(N23,","))),O$3:O$650,"<="&$T$1))),""),"")}
A24: 20440 | B24: 20440 | C24: FRI | D24: EA | E24: M | H24: TT 8" SPATULA-FLEX, WLNT | I24: =ISNUMBER(SEARCH($I$2,H24)) -> FALSE | J24: Trade Tools | K24: Trade Tools | L24: Trade Tools | O24: N/A | P24: {=_xlfn.XLOOKUP(TRIM(B24),TRIM('[1]wc-product-export-16-3-2026-177'!$A:$A),'[1]wc-product-export-16-3-2026-177'!$D:$D,0,0)} -> 0 | Q24: {=IF(TRIM($D24)="SET",IF($K24="Steak Set1",ROUNDDOWN(IFERROR(MIN(_xlfn._xlws.FILTER(O$3:O$650,ISNUMBER(MATCH(TRIM($B$3:$B$650),TRIM(_xlfn.TEXTSPLIT($N24,",")),0)))),0)/4,0)+P24,IF(IFERROR(MIN(_xlfn._xlws.FILTER(O$3:O$650,ISNUMBER(MATCH(TRIM($B$3:$B$650),TRIM(_xlfn.TEXTSPLIT($N24,",")),0)))),0)>=$E$1,IFERROR(MIN(_xlfn._xlws.FILTER(O$3:O$650,ISNUMBER(MATCH(TRIM($B$3:$B$650),TRIM(_xlfn.TEXTSPLIT($N24,",")),0)))),0)+P24,P24)),IF(TRIM($D24)="EA",IF(TRIM($E24)="M",ROUNDUP(O24*0.85,0),IF(TRIM($E24)="P",O24,P24)),P24))} -> #VALUE! | T24: {=IFERROR(IF(D24="SET",_xlfn.TEXTJOIN(", ",TRUE,_xlfn._xlws.FILTER(TRANSPOSE(TRIM(_xlfn.TEXTSPLIT(N24,","))),COUNTIFS(B$3:B$650,TRANSPOSE(TRIM(_xlfn.TEXTSPLIT(N24,","))),O$3:O$650,"<="&$T$1))),""),"")}
A25: 5022 | B25: 05022 | C25: FRI | D25: EA | E25: P | H25: TreeSpirit™ 12" Solid Wood Serving Bowls - Cherry | I25: =ISNUMBER(SEARCH($I$2,H25)) -> FALSE | J25: TreeSpirit™ | K25: Utensils | L25: Utensils | O25: 6 | P25: {=_xlfn.XLOOKUP(TRIM(B25),TRIM('[1]wc-product-export-16-3-2026-177'!$A:$A),'[1]wc-product-export-16-3-2026-177'!$D:$D,0,0)} -> 0 | Q25: {=IF(TRIM($D25)="SET",IF($K25="Steak Set1",ROUNDDOWN(IFERROR(MIN(_xlfn._xlws.FILTER(O$3:O$650,ISNUMBER(MATCH(TRIM($B$3:$B$650),TRIM(_xlfn.TEXTSPLIT($N25,",")),0)))),0)/4,0)+P25,IF(IFERROR(MIN(_xlfn._xlws.FILTER(O$3:O$650,ISNUMBER(MATCH(TRIM($B$3:$B$650),TRIM(_xlfn.TEXTSPLIT($N25,",")),0)))),0)>=$E$1,IFERROR(MIN(_xlfn._xlws.FILTER(O$3:O$650,ISNUMBER(MATCH(TRIM($B$3:$B$650),TRIM(_xlfn.TEXTSPLIT($N25,",")),0)))),0)+P25,P25)),IF(TRIM($D25)="EA",IF(TRIM($E25)="M",ROUNDUP(O25*0.85,0),IF(TRIM($E25)="P",O25,P25)),P25))} -> 6 | T25: {=IFERROR(IF(D25="SET",_xlfn.TEXTJOIN(", ",TRUE,_xlfn._xlws.FILTER(TRANSPOSE(TRIM(_xlfn.TEXTSPLIT(N25,","))),COUNTIFS(B$3:B$650,TRANSPOSE(TRIM(_xlfn.TEXTSPLIT(N25,","))),O$3:O$650,"<="&$T$1))),""),"")}
A26: 20520 | B26: 20520 | C26: FRI | D26: EA | E26: M | H26: TT 8" SPATULA-FLEX, WHITE POLY | I26: =ISNUMBER(SEARCH($I$2,H26)) -> FALSE | J26: Trade Tools | K26: Trade Tools | L26: Trade Tools | O26: N/A | P26: {=_xlfn.XLOOKUP(TRIM(B26),TRIM('[1]wc-product-export-16-3-2026-177'!$A:$A),'[1]wc-product-export-16-3-2026-177'!$D:$D,0,0)} -> 0 | Q26: {=IF(TRIM($D26)="SET",IF($K26="Steak Set1",ROUNDDOWN(IFERROR(MIN(_xlfn._xlws.FILTER(O$3:O$650,ISNUMBER(MATCH(TRIM($B$3:$B$650),TRIM(_xlfn.TEXTSPLIT($N26,",")),0)))),0)/4,0)+P26,IF(IFERROR(MIN(_xlfn._xlws.FILTER(O$3:O$650,ISNUMBER(MATCH(TRIM($B$3:$B$650),TRIM(_xlfn.TEXTSPLIT($N26,",")),0)))),0)>=$E$1,IFERROR(MIN(_xlfn._xlws.FILTER(O$3:O$650,ISNUMBER(MATCH(TRIM($B$3:$B$650),TRIM(_xlfn.TEXTSPLIT($N26,",")),0)))),0)+P26,P26)),IF(TRIM($D26)="EA",IF(TRIM($E26)="M",ROUNDUP(O26*0.85,0),IF(TRIM($E26)="P",O26,P26)),P26))} -> #VALUE! | T26: {=IFERROR(IF(D26="SET",_xlfn.TEXTJOIN(", ",TRUE,_xlfn._xlws.FILTER(TRANSPOSE(TRIM(_xlfn.TEXTSPLIT(N26,","))),COUNTIFS(B$3:B$650,TRANSPOSE(TRIM(_xlfn.TEXTSPLIT(N26,","))),O$3:O$650,"<="&$T$1))),""),"")}
A27: 20540 | B27: 20540 | C27: FRI | D27: EA | E27: M | F27: Z | H27: TT 10" SPATULA-FLEX, WLNT | I27: =ISNUMBER(SEARCH($I$2,H27)) -> FALSE | J27: Trade Tools | K27: Trade Tools | L27: Trade Tools | O27: N/A | P27: {=_xlfn.XLOOKUP(TRIM(B27),TRIM('[1]wc-product-export-16-3-2026-177'!$A:$A),'[1]wc-product-export-16-3-2026-177'!$D:$D,0,0)} -> 0 | Q27: {=IF(TRIM($D27)="SET",IF($K27="Steak Set1",ROUNDDOWN(IFERROR(MIN(_xlfn._xlws.FILTER(O$3:O$650,ISNUMBER(MATCH(TRIM($B$3:$B$650),TRIM(_xlfn.TEXTSPLIT($N27,",")),0)))),0)/4,0)+P27,IF(IFERROR(MIN(_xlfn._xlws.FILTER(O$3:O$650,ISNUMBER(MATCH(TRIM($B$3:$B$650),TRIM(_xlfn.TEXTSPLIT($N27,",")),0)))),0)>=$E$1,IFERROR(MIN(_xlfn._xlws.FILTER(O$3:O$650,ISNUMBER(MATCH(TRIM($B$3:$B$650),TRIM(_xlfn.TEXTSPLIT($N27,",")),0)))),0)+P27,P27)),IF(TRIM($D27)="EA",IF(TRIM($E27)="M",ROUNDUP(O27*0.85,0),IF(TRIM($E27)="P",O27,P27)),P27))} -> #VALUE! | T27: {=IFERROR(IF(D27="SET",_xlfn.TEXTJOIN(", ",TRUE,_xlfn._xlws.FILTER(TRANSPOSE(TRIM(_xlfn.TEXTSPLIT(N27,","))),COUNTIFS(B$3:B$650,TRANSPOSE(TRIM(_xlfn.TEXTSPLIT(N27,","))),O$3:O$650,"<="&$T$1))),""),"")}
A28: 20600 | B28: 20600 | C28: FRI | D28: EA | E28: M | H28: 10" SPATULA-FLEX, WHITE POLY | I28: =ISNUMBER(SEARCH($I$2,H28)) -> FALSE | J28: Trade Tools | K28: Trade Tools | L28: Trade Tools | O28: N/A | P28: {=_xlfn.XLOOKUP(TRIM(B28),TRIM('[1]wc-product-export-16-3-2026-177'!$A:$A),'[1]wc-product-export-16-3-2026-177'!$D:$D,0,0)} -> 0 | Q28: {=IF(TRIM($D28)="SET",IF($K28="Steak Set1",ROUNDDOWN(IFERROR(MIN(_xlfn._xlws.FILTER(O$3:O$650,ISNUMBER(MATCH(TRIM($B$3:$B$650),TRIM(_xlfn.TEXTSPLIT($N28,",")),0)))),0)/4,0)+P28,IF(IFERROR(MIN(_xlfn._xlws.FILTER(O$3:O$650,ISNUMBER(MATCH(TRIM($B$3:$B$650),TRIM(_xlfn.TEXTSPLIT($N28,",")),0)))),0)>=$E$1,IFERROR(MIN(_xlfn._xlws.FILTER(O$3:O$650,ISNUMBER(MATCH(TRIM($B$3:$B$650),TRIM(_xlfn.TEXTSPLIT($N28,",")),0)))),0)+P28,P28)),IF(TRIM($D28)="EA",IF(TRIM($E28)="M",ROUNDUP(O28*0.85,0),IF(TRIM($E28)="P",O28,P28)),P28))} -> #VALUE! | T28: {=IFERROR(IF(D28="SET",_xlfn.TEXTJOIN(", ",TRUE,_xlfn._xlws.FILTER(TRANSPOSE(TRIM(_xlfn.TEXTSPLIT(N28,","))),COUNTIFS(B$3:B$650,TRANSPOSE(TRIM(_xlfn.TEXTSPLIT(N28,","))),O$3:O$650,"<="&$T$1))),""),"")}
A29: 20620 | B29: 20620 | C29: FRI | D29: EA | E29: M | H29: TT 12" SPATULA-FLEX, WLNT | I29: =ISNUMBER(SEARCH($I$2,H29)) -> FALSE | J29: Trade Tools | K29: Trade Tools | L29: Trade Tools | O29: N/A | P29: {=_xlfn.XLOOKUP(TRIM(B29),TRIM('[1]wc-product-export-16-3-2026-177'!$A:$A),'[1]wc-product-export-16-3-2026-177'!$D:$D,0,0)} -> 0 | Q29: {=IF(TRIM($D29)="SET",IF($K29="Steak Set1",ROUNDDOWN(IFERROR(MIN(_xlfn._xlws.FILTER(O$3:O$650,ISNUMBER(MATCH(TRIM($B$3:$B$650),TRIM(_xlfn.TEXTSPLIT($N29,",")),0)))),0)/4,0)+P29,IF(IFERROR(MIN(_xlfn._xlws.FILTER(O$3:O$650,ISNUMBER(MATCH(TRIM($B$3:$B$650),TRIM(_xlfn.TEXTSPLIT($N29,",")),0)))),0)>=$E$1,IFERROR(MIN(_xlfn._xlws.FILTER(O$3:O$650,ISNUMBER(MATCH(TRIM($B$3:$B$650),TRIM(_xlfn.TEXTSPLIT($N29,",")),0)))),0)+P29,P29)),IF(TRIM($D29)="EA",IF(TRIM($E29)="M",ROUNDUP(O29*0.85,0),IF(TRIM($E29)="P",O29,P29)),P29))} -> #VALUE! | T29: {=IFERROR(IF(D29="SET",_xlfn.TEXTJOIN(", ",TRUE,_xlfn._xlws.FILTER(TRANSPOSE(TRIM(_xlfn.TEXTSPLIT(N29,","))),COUNTIFS(B$3:B$650,TRANSPOSE(TRIM(_xlfn.TEXTSPLIT(N29,","))),O$3:O$650,"<="&$T$1))),""),"")}
A30: 20700 | B30: 20700 | C30: FRI | D30: EA | E30: M | H30: TT 14" SPATULA-FLEX, WLNT | I30: =ISNUMBER(SEARCH($I$2,H30)) -> FALSE | J30: Trade Tools | K30: Trade Tools | L30: Trade Tools | O30: N/A | P30: {=_xlfn.XLOOKUP(TRIM(B30),TRIM('[1]wc-product-export-16-3-2026-177'!$A:$A),'[1]wc-product-export-16-3-2026-177'!$D:$D,0,0)} -> 0 | Q30: {=IF(TRIM($D30)="SET",IF($K30="Steak Set1",ROUNDDOWN(IFERROR(MIN(_xlfn._xlws.FILTER(O$3:O$650,ISNUMBER(MATCH(TRIM($B$3:$B$650),TRIM(_xlfn.TEXTSPLIT($N30,",")),0)))),0)/4,0)+P30,IF(IFERROR(MIN(_xlfn._xlws.FILTER(O$3:O$650,ISNUMBER(MATCH(TRIM($B$3:$B$650),TRIM(_xlfn.TEXTSPLIT($N30,",")),0)))),0)>=$E$1,IFERROR(MIN(_xlfn._xlws.FILTER(O$3:O$650,ISNUMBER(MATCH(TRIM($B$3:$B$650),TRIM(_xlfn.TEXTSPLIT($N30,",")),0)))),0)+P30,P30)),IF(TRIM($D30)="EA",IF(TRIM($E30)="M",ROUNDUP(O30*0.85,0),IF(TRIM($E30)="P",O30,P30)),P30))} -> #VALUE! | T30: {=IFERROR(IF(D30="SET",_xlfn.TEXTJOIN(", ",TRUE,_xlfn._xlws.FILTER(TRANSPOSE(TRIM(_xlfn.TEXTSPLIT(N30,","))),COUNTIFS(B$3:B$650,TRANSPOSE(TRIM(_xlfn.TEXTSPLIT(N30,","))),O$3:O$650,"<="&$T$1))),""),"")}
A31: 20720 | B31: 20720 | C31: FRI | D31: EA | E31: M | H31: 14" SPATULA-FLEX, WHITE POLY | I31: =ISNUMBER(SEARCH($I$2,H31)) -> FALSE | J31: Trade Tools | K31: Trade Tools | L31: Trade Tools | O31: N/A | P31: {=_xlfn.XLOOKUP(TRIM(B31),TRIM('[1]wc-product-export-16-3-2026-177'!$A:$A),'[1]wc-product-export-16-3-2026-177'!$D:$D,0,0)} -> 0 | Q31: {=IF(TRIM($D31)="SET",IF($K31="Steak Set1",ROUNDDOWN(IFERROR(MIN(_xlfn._xlws.FILTER(O$3:O$650,ISNUMBER(MATCH(TRIM($B$3:$B$650),TRIM(_xlfn.TEXTSPLIT($N31,",")),0)))),0)/4,0)+P31,IF(IFERROR(MIN(_xlfn._xlws.FILTER(O$3:O$650,ISNUMBER(MATCH(TRIM($B$3:$B$650),TRIM(_xlfn.TEXTSPLIT($N31,",")),0)))),0)>=$E$1,IFERROR(MIN(_xlfn._xlws.FILTER(O$3:O$650,ISNUMBER(MATCH(TRIM($B$3:$B$650),TRIM(_xlfn.TEXTSPLIT($N31,",")),0)))),0)+P31,P31)),IF(TRIM($D31)="EA",IF(TRIM($E31)="M",ROUNDUP(O31*0.85,0),IF(TRIM($E31)="P",O31,P31)),P31))} -> #VALUE! | T31: {=IFERROR(IF(D31="SET",_xlfn.TEXTJOIN(", ",TRUE,_xlfn._xlws.FILTER(TRANSPOSE(TRIM(_xlfn.TEXTSPLIT(N31,","))),COUNTIFS(B$3:B$650,TRANSPOSE(TRIM(_xlfn.TEXTSPLIT(N31,","))),O$3:O$650,"<="&$T$1))),""),"")}
A32: 21140 | B32: 21140 | C32: FRI | D32: EA | E32: M | H32: TT 3" PALETTE KNIFE, WLNT | I32: =ISNUMBER(SEARCH($I$2,H32)) -> FALSE | J32: Trade Tools | K32: Trade Tools | L32: Trade Tools | O32: N/A | P32: {=_xlfn.XLOOKUP(TRIM(B32),TRIM('[1]wc-product-export-16-3-2026-177'!$A:$A),'[1]wc-product-export-16-3-2026-177'!$D:$D,0,0)} -> 0 | Q32: {=IF(TRIM($D32)="SET",IF($K32="Steak Set1",ROUNDDOWN(IFERROR(MIN(_xlfn._xlws.FILTER(O$3:O$650,ISNUMBER(MATCH(TRIM($B$3:$B$650),TRIM(_xlfn.TEXTSPLIT($N32,",")),0)))),0)/4,0)+P32,IF(IFERROR(MIN(_xlfn._xlws.FILTER(O$3:O$650,ISNUMBER(MATCH(TRIM($B$3:$B$650),TRIM(_xlfn.TEXTSPLIT($N32,",")),0)))),0)>=$E$1,IFERROR(MIN(_xlfn._xlws.FILTER(O$3:O$650,ISNUMBER(MATCH(TRIM($B$3:$B$650),TRIM(_xlfn.TEXTSPLIT($N32,",")),0)))),0)+P32,P32)),IF(TRIM($D32)="EA",IF(TRIM($E32)="M",ROUNDUP(O32*0.85,0),IF(TRIM($E32)="P",O32,P32)),P32))} -> #VALUE! | T32: {=IFERROR(IF(D32="SET",_xlfn.TEXTJOIN(", ",TRUE,_xlfn._xlws.FILTER(TRANSPOSE(TRIM(_xlfn.TEXTSPLIT(N32,","))),COUNTIFS(B$3:B$650,TRANSPOSE(TRIM(_xlfn.TEXTSPLIT(N32,","))),O$3:O$650,"<="&$T$1))),""),"")}
A33: 5025 | B33: 05025 | C33: FRI | D33: EA | E33: P | H33: TreeSpirit™ 15" Solid Wood Serving Bowls - Walnut | I33: =ISNUMBER(SEARCH($I$2,H33)) -> FALSE | J33: TreeSpirit™ | K33: Utensils | L33: Utensils | O33: 0 | P33: {=_xlfn.XLOOKUP(TRIM(B33),TRIM('[1]wc-product-export-16-3-2026-177'!$A:$A),'[1]wc-product-export-16-3-2026-177'!$D:$D,0,0)} -> 0 | Q33: {=IF(TRIM($D33)="SET",IF($K33="Steak Set1",ROUNDDOWN(IFERROR(MIN(_xlfn._xlws.FILTER(O$3:O$650,ISNUMBER(MATCH(TRIM($B$3:$B$650),TRIM(_xlfn.TEXTSPLIT($N33,",")),0)))),0)/4,0)+P33,IF(IFERROR(MIN(_xlfn._xlws.FILTER(O$3:O$650,ISNUMBER(MATCH(TRIM($B$3:$B$650),TRIM(_xlfn.TEXTSPLIT($N33,",")),0)))),0)>=$E$1,IFERROR(MIN(_xlfn._xlws.FILTER(O$3:O$650,ISNUMBER(MATCH(TRIM($B$3:$B$650),TRIM(_xlfn.TEXTSPLIT($N33,",")),0)))),0)+P33,P33)),IF(TRIM($D33)="EA",IF(TRIM($E33)="M",ROUNDUP(O33*0.85,0),IF(TRIM($E33)="P",O33,P33)),P33))} -> 0 | T33: {=IFERROR(IF(D33="SET",_xlfn.TEXTJOIN(", ",TRUE,_xlfn._xlws.FILTER(TRANSPOSE(TRIM(_xlfn.TEXTSPLIT(N33,","))),COUNTIFS(B$3:B$650,TRANSPOSE(TRIM(_xlfn.TEXTSPLIT(N33,","))),O$3:O$650,"<="&$T$1))),""),"")}
A34: 21220 | B34: 21220 | C34: FRI | D34: EA | E34: M | F34: Z | H34: TT 4" PALETTE KNIFE, WLNT | I34: =ISNUMBER(SEARCH($I$2,H34)) -> FALSE | J34: Trade Tools | K34: Trade Tools | L34: Trade Tools | O34: N/A | P34: {=_xlfn.XLOOKUP(TRIM(B34),TRIM('[1]wc-product-export-16-3-2026-177'!$A:$A),'[1]wc-product-export-16-3-2026-177'!$D:$D,0,0)} -> 0 | Q34: {=IF(TRIM($D34)="SET",IF($K34="Steak Set1",ROUNDDOWN(IFERROR(MIN(_xlfn._xlws.FILTER(O$3:O$650,ISNUMBER(MATCH(TRIM($B$3:$B$650),TRIM(_xlfn.TEXTSPLIT($N34,",")),0)))),0)/4,0)+P34,IF(IFERROR(MIN(_xlfn._xlws.FILTER(O$3:O$650,ISNUMBER(MATCH(TRIM($B$3:$B$650),TRIM(_xlfn.TEXTSPLIT($N34,",")),0)))),0)>=$E$1,IFERROR(MIN(_xlfn._xlws.FILTER(O$3:O$650,ISNUMBER(MATCH(TRIM($B$3:$B$650),TRIM(_xlfn.TEXTSPLIT($N34,",")),0)))),0)+P34,P34)),IF(TRIM($D34)="EA",IF(TRIM($E34)="M",ROUNDUP(O34*0.85,0),IF(TRIM($E34)="P",O34,P34)),P34))} -> #VALUE! | T34: {=IFERROR(IF(D34="SET",_xlfn.TEXTJOIN(", ",TRUE,_xlfn._xlws.FILTER(TRANSPOSE(TRIM(_xlfn.TEXTSPLIT(N34,","))),COUNTIFS(B$3:B$650,TRANSPOSE(TRIM(_xlfn.TEXTSPLIT(N34,","))),O$3:O$650,"<="&$T$1))),""),"")}
A35: 5026 | B35: 05026 | C35: FRI | D35: EA | E35: P | H35: TreeSpirit™ 15" Solid Wood Serving Bowls - Cherry | I35: =ISNUMBER(SEARCH($I$2,H35)) -> FALSE | J35: TreeSpirit™ | K35: Utensils | L35: Utensils | O35: 1 | P35: {=_xlfn.XLOOKUP(TRIM(B35),TRIM('[1]wc-product-export-16-3-2026-177'!$A:$A),'[1]wc-product-export-16-3-2026-177'!$D:$D,0,0)} -> 0 | Q35: {=IF(TRIM($D35)="SET",IF($K35="Steak Set1",ROUNDDOWN(IFERROR(MIN(_xlfn._xlws.FILTER(O$3:O$650,ISNUMBER(MATCH(TRIM($B$3:$B$650),TRIM(_xlfn.TEXTSPLIT($N35,",")),0)))),0)/4,0)+P35,IF(IFERROR(MIN(_xlfn._xlws.FILTER(O$3:O$650,ISNUMBER(MATCH(TRIM($B$3:$B$650),TRIM(_xlfn.TEXTSPLIT($N35,",")),0)))),0)>=$E$1,IFERROR(MIN(_xlfn._xlws.FILTER(O$3:O$650,ISNUMBER(MATCH(TRIM($B$3:$B$650),TRIM(_xlfn.TEXTSPLIT($N35,",")),0)))),0)+P35,P35)),IF(TRIM($D35)="EA",IF(TRIM($E35)="M",ROUNDUP(O35*0.85,0),IF(TRIM($E35)="P",O35,P35)),P35))} -> 1 | T35: {=IFERROR(IF(D35="SET",_xlfn.TEXTJOIN(", ",TRUE,_xlfn._xlws.FILTER(TRANSPOSE(TRIM(_xlfn.TEXTSPLIT(N35,","))),COUNTIFS(B$3:B$650,TRANSPOSE(TRIM(_xlfn.TEXTSPLIT(N35,","))),O$3:O$650,"<="&$T$1))),""),"")}
A36: 5004 | B36: 05004 | C36: FRI | D36: EA | E36: P | F36: X | H36: TreeSpirit™ Individual 7.5" Solid Wood Salad Bowls - Maple | I36: =ISNUMBER(SEARCH($I$2,H36)) -> FALSE | J36: TreeSpirit™ | K36: Utensils | L36: Utensils | O36: N/A | P36: {=_xlfn.XLOOKUP(TRIM(B36),TRIM('[1]wc-product-export-16-3-2026-177'!$A:$A),'[1]wc-product-export-16-3-2026-177'!$D:$D,0,0)} -> 0 | Q36: {=IF(TRIM($D36)="SET",IF($K36="Steak Set1",ROUNDDOWN(IFERROR(MIN(_xlfn._xlws.FILTER(O$3:O$650,ISNUMBER(MATCH(TRIM($B$3:$B$650),TRIM(_xlfn.TEXTSPLIT($N36,",")),0)))),0)/4,0)+P36,IF(IFERROR(MIN(_xlfn._xlws.FILTER(O$3:O$650,ISNUMBER(MATCH(TRIM($B$3:$B$650),TRIM(_xlfn.TEXTSPLIT($N36,",")),0)))),0)>=$E$1,IFERROR(MIN(_xlfn._xlws.FILTER(O$3:O$650,ISNUMBER(MATCH(TRIM($B$3:$B$650),TRIM(_xlfn.TEXTSPLIT($N36,",")),0)))),0)+P36,P36)),IF(TRIM($D36)="EA",IF(TRIM($E36)="M",ROUNDUP(O36*0.85,0),IF(TRIM($E36)="P",O36,P36)),P36))} -> N/A | T36: {=IFERROR(IF(D36="SET",_xlfn.TEXTJOIN(", ",TRUE,_xlfn._xlws.FILTER(TRANSPOSE(TRIM(_xlfn.TEXTSPLIT(N36,","))),COUNTIFS(B$3:B$650,TRANSPOSE(TRIM(_xlfn.TEXTSPLIT(N36,","))),O$3:O$650,"<="&$T$1))),""),"")}
A37: 5028 | B37: 05028 | C37: FRI | D37: SET | E37: P | H37: TreeSpirit™ 7-Piece Salad Bowl and Serving Sets (Walnut - Medium) | I37: =ISNUMBER(SEARCH($I$2,H37)) -> FALSE | J37: TreeSpirit™ | K37: Utensils | L37: Utensils | N37: 05021,05005,05045 | O37: 4 | P37: {=_xlfn.XLOOKUP(TRIM(B37),TRIM('[1]wc-product-export-16-3-2026-177'!$A:$A),'[1]wc-product-export-16-3-2026-177'!$D:$D,0,0)} -> 1 | Q37: {=IF(TRIM($D37)="SET",IF($K37="Steak Set1",ROUNDDOWN(IFERROR(MIN(_xlfn._xlws.FILTER(O$3:O$650,ISNUMBER(MATCH(TRIM($B$3:$B$650),TRIM(_xlfn.TEXTSPLIT($N37,",")),0)))),0)/4,0)+P37,IF(IFERROR(MIN(_xlfn._xlws.FILTER(O$3:O$650,ISNUMBER(MATCH(TRIM($B$3:$B$650),TRIM(_xlfn.TEXTSPLIT($N37,",")),0)))),0)>=$E$1,IFERROR(MIN(_xlfn._xlws.FILTER(O$3:O$650,ISNUMBER(MATCH(TRIM($B$3:$B$650),TRIM(_xlfn.TEXTSPLIT($N37,",")),0)))),0)+P37,P37)),IF(TRIM($D37)="EA",IF(TRIM($E37)="M",ROUNDUP(O37*0.85,0),IF(TRIM($E37)="P",O37,P37)),P37))} -> 4 | T37: {=IFERROR(IF(D37="SET",_xlfn.TEXTJOIN(", ",TRUE,_xlfn._xlws.FILTER(TRANSPOSE(TRIM(_xlfn.TEXTSPLIT(N37,","))),COUNTIFS(B$3:B$650,TRANSPOSE(TRIM(_xlfn.TEXTSPLIT(N37,","))),O$3:O$650,"<="&$T$1))),""),"")} -> 05021
A38: 5029 | B38: 05029 | C38: FRI | D38: SET | E38: P | H38: TreeSpirit™ 7-Piece Salad Bowl and Serving Sets (Cherry - Medium) | I38: =ISNUMBER(SEARCH($I$2,H38)) -> FALSE | J38: TreeSpirit™ | K38: Utensils | L38: Utensils | N38: 05022,05006,05046 | O38: 2 | P38: {=_xlfn.XLOOKUP(TRIM(B38),TRIM('[1]wc-product-export-16-3-2026-177'!$A:$A),'[1]wc-product-export-16-3-2026-177'!$D:$D,0,0)} -> 0 | Q38: {=IF(TRIM($D38)="SET",IF($K38="Steak Set1",ROUNDDOWN(IFERROR(MIN(_xlfn._xlws.FILTER(O$3:O$650,ISNUMBER(MATCH(TRIM($B$3:$B$650),TRIM(_xlfn.TEXTSPLIT($N38,",")),0)))),0)/4,0)+P38,IF(IFERROR(MIN(_xlfn._xlws.FILTER(O$3:O$650,ISNUMBER(MATCH(TRIM($B$3:$B$650),TRIM(_xlfn.TEXTSPLIT($N38,",")),0)))),0)>=$E$1,IFERROR(MIN(_xlfn._xlws.FILTER(O$3:O$650,ISNUMBER(MATCH(TRIM($B$3:$B$650),TRIM(_xlfn.TEXTSPLIT($N38,",")),0)))),0)+P38,P38)),IF(TRIM($D38)="EA",IF(TRIM($E38)="M",ROUNDUP(O38*0.85,0),IF(TRIM($E38)="P",O38,P38)),P38))} -> 2 | T38: {=IFERROR(IF(D38="SET",_xlfn.TEXTJOIN(", ",TRUE,_xlfn._xlws.FILTER(TRANSPOSE(TRIM(_xlfn.TEXTSPLIT(N38,","))),COUNTIFS(B$3:B$650,TRANSPOSE(TRIM(_xlfn.TEXTSPLIT(N38,","))),O$3:O$650,"<="&$T$1))),""),"")} -> 05046
A39: 5012 | B39: 05012 | C39: FRI | D39: EA | E39: P | F39: X | H39: TreeSpirit™ Individual 9" Solid Wood Salad Bowls - Maple | I39: =ISNUMBER(SEARCH($I$2,H39)) -> FALSE | J39: TreeSpirit™ | K39: Utensils | L39: Utensils | O39: N/A | P39: {=_xlfn.XLOOKUP(TRIM(B39),TRIM('[1]wc-product-export-16-3-2026-177'!$A:$A),'[1]wc-product-export-16-3-2026-177'!$D:$D,0,0)} -> 0 | Q39: {=IF(TRIM($D39)="SET",IF($K39="Steak Set1",ROUNDDOWN(IFERROR(MIN(_xlfn._xlws.FILTER(O$3:O$650,ISNUMBER(MATCH(TRIM($B$3:$B$650),TRIM(_xlfn.TEXTSPLIT($N39,",")),0)))),0)/4,0)+P39,IF(IFERROR(MIN(_xlfn._xlws.FILTER(O$3:O$650,ISNUMBER(MATCH(TRIM($B$3:$B$650),TRIM(_xlfn.TEXTSPLIT($N39,",")),0)))),0)>=$E$1,IFERROR(MIN(_xlfn._xlws.FILTER(O$3:O$650,ISNUMBER(MATCH(TRIM($B$3:$B$650),TRIM(_xlfn.TEXTSPLIT($N39,",")),0)))),0)+P39,P39)),IF(TRIM($D39)="EA",IF(TRIM($E39)="M",ROUNDUP(O39*0.85,0),IF(TRIM($E39)="P",O39,P39)),P39))} -> N/A | T39: {=IFERROR(IF(D39="SET",_xlfn.TEXTJOIN(", ",TRUE,_xlfn._xlws.FILTER(TRANSPOSE(TRIM(_xlfn.TEXTSPLIT(N39,","))),COUNTIFS(B$3:B$650,TRANSPOSE(TRIM(_xlfn.TEXTSPLIT(N39,","))),O$3:O$650,"<="&$T$1))),""),"")}
A40: 5031 | B40: 05031 | C40: FRI | D40: SET | E40: P | H40: TreeSpirit™ 7-Piece Salad Bowl and Serving Sets (Walnut - Large) | I40: =ISNUMBER(SEARCH($I$2,H40)) -> FALSE | J40: TreeSpirit™ | K40: Utensils | L40: Utensils | N40: 05025,05013,05048 | O40: 0 | P40: {=_xlfn.XLOOKUP(TRIM(B40),TRIM('[1]wc-product-export-16-3-2026-177'!$A:$A),'[1]wc-product-export-16-3-2026-177'!$D:$D,0,0)} -> 0 | Q40: {=IF(TRIM($D40)="SET",IF($K40="Steak Set1",ROUNDDOWN(IFERROR(MIN(_xlfn._xlws.FILTER(O$3:O$650,ISNUMBER(MATCH(TRIM($B$3:$B$650),TRIM(_xlfn.TEXTSPLIT($N40,",")),0)))),0)/4,0)+P40,IF(IFERROR(MIN(_xlfn._xlws.FILTER(O$3:O$650,ISNUMBER(MATCH(TRIM($B$3:$B$650),TRIM(_xlfn.TEXTSPLIT($N40,",")),0)))),0)>=$E$1,IFERROR(MIN(_xlfn._xlws.FILTER(O$3:O$650,ISNUMBER(MATCH(TRIM($B$3:$B$650),TRIM(_xlfn.TEXTSPLIT($N40,",")),0)))),0)+P40,P40)),IF(TRIM($D40)="EA",IF(TRIM($E40)="M",ROUNDUP(O40*0.85,0),IF(TRIM($E40)="P",O40,P40)),P40))} -> 0 | T40: {=IFERROR(IF(D40="SET",_xlfn.TEXTJOIN(", ",TRUE,_xlfn._xlws.FILTER(TRANSPOSE(TRIM(_xlfn.TEXTSPLIT(N40,","))),COUNTIFS(B$3:B$650,TRANSPOSE(TRIM(_xlfn.TEXTSPLIT(N40,","))),O$3:O$650,"<="&$T$1))),""),"")} -> 05025, 05048
A41: 5032 | B41: 05032 | C41: FRI | D41: SET | E41: P | H41: TreeSpirit™ 7-Piece Salad Bowl and Serving Sets (Cherry - Large) | I41: =ISNUMBER(SEARCH($I$2,H41)) -> FALSE | J41: TreeSpirit™ | K41: Utensils | L41: Utensils | N41: 05026,05014,05049 | O41: 1 | P41: {=_xlfn.XLOOKUP(TRIM(B41),TRIM('[1]wc-product-export-16-3-2026-177'!$A:$A),'[1]wc-product-export-16-3-2026-177'!$D:$D,0,0)} -> 1 | Q41: {=IF(TRIM($D41)="SET",IF($K41="Steak Set1",ROUNDDOWN(IFERROR(MIN(_xlfn._xlws.FILTER(O$3:O$650,ISNUMBER(MATCH(TRIM($B$3:$B$650),TRIM(_xlfn.TEXTSPLIT($N41,",")),0)))),0)/4,0)+P41,IF(IFERROR(MIN(_xlfn._xlws.FILTER(O$3:O$650,ISNUMBER(MATCH(TRIM($B$3:$B$650),TRIM(_xlfn.TEXTSPLIT($N41,",")),0)))),0)>=$E$1,IFERROR(MIN(_xlfn._xlws.FILTER(O$3:O$650,ISNUMBER(MATCH(TRIM($B$3:$B$650),TRIM(_xlfn.TEXTSPLIT($N41,",")),0)))),0)+P41,P41)),IF(TRIM($D41)="EA",IF(TRIM($E41)="M",ROUNDUP(O41*0.85,0),IF(TRIM($E41)="P",O41,P41)),P41))} -> 1 | T41: {=IFERROR(IF(D41="SET",_xlfn.TEXTJOIN(", ",TRUE,_xlfn._xlws.FILTER(TRANSPOSE(TRIM(_xlfn.TEXTSPLIT(N41,","))),COUNTIFS(B$3:B$650,TRANSPOSE(TRIM(_xlfn.TEXTSPLIT(N41,","))),O$3:O$650,"<="&$T$1))),""),"")} -> 05026, 05049
A42: 21300 | B42: 21300 | C42: FRI | D42: EA | E42: M | F42: Z | H42: TT 5" PALETTE KNIFE, WLNT | I42: =ISNUMBER(SEARCH($I$2,H42)) -> FALSE | J42: Trade Tools | K42: Trade Tools | L42: Trade Tools | O42: N/A | P42: {=_xlfn.XLOOKUP(TRIM(B42),TRIM('[1]wc-product-export-16-3-2026-177'!$A:$A),'[1]wc-product-export-16-3-2026-177'!$D:$D,0,0)} -> 0 | Q42: {=IF(TRIM($D42)="SET",IF($K42="Steak Set1",ROUNDDOWN(IFERROR(MIN(_xlfn._xlws.FILTER(O$3:O$650,ISNUMBER(MATCH(TRIM($B$3:$B$650),TRIM(_xlfn.TEXTSPLIT($N42,",")),0)))),0)/4,0)+P42,IF(IFERROR(MIN(_xlfn._xlws.FILTER(O$3:O$650,ISNUMBER(MATCH(TRIM($B$3:$B$650),TRIM(_xlfn.TEXTSPLIT($N42,",")),0)))),0)>=$E$1,IFERROR(MIN(_xlfn._xlws.FILTER(O$3:O$650,ISNUMBER(MATCH(TRIM($B$3:$B$650),TRIM(_xlfn.TEXTSPLIT($N42,",")),0)))),0)+P42,P42)),IF(TRIM($D42)="EA",IF(TRIM($E42)="M",ROUNDUP(O42*0.85,0),IF(TRIM($E42)="P",O42,P42)),P42))} -> #VALUE! | T42: {=IFERROR(IF(D42="SET",_xlfn.TEXTJOIN(", ",TRUE,_xlfn._xlws.FILTER(TRANSPOSE(TRIM(_xlfn.TEXTSPLIT(N42,","))),COUNTIFS(B$3:B$650,TRANSPOSE(TRIM(_xlfn.TEXTSPLIT(N42,","))),O$3:O$650,"<="&$T$1))),""),"")}
A43: 21600 | B43: 21600 | C43: FRI | D43: EA | E43: M | F43: X | H43: TT MICRO SPAT RND-TAP 7.5 IN | I43: =ISNUMBER(SEARCH($I$2,H43)) -> FALSE | J43: Trade Tools | K43: Trade Tools | L43: Trade Tools | O43: N/A | P43: {=_xlfn.XLOOKUP(TRIM(B43),TRIM('[1]wc-product-export-16-3-2026-177'!$A:$A),'[1]wc-product-export-16-3-2026-177'!$D:$D,0,0)} -> 0 | Q43: {=IF(TRIM($D43)="SET",IF($K43="Steak Set1",ROUNDDOWN(IFERROR(MIN(_xlfn._xlws.FILTER(O$3:O$650,ISNUMBER(MATCH(TRIM($B$3:$B$650),TRIM(_xlfn.TEXTSPLIT($N43,",")),0)))),0)/4,0)+P43,IF(IFERROR(MIN(_xlfn._xlws.FILTER(O$3:O$650,ISNUMBER(MATCH(TRIM($B$3:$B$650),TRIM(_xlfn.TEXTSPLIT($N43,",")),0)))),0)>=$E$1,IFERROR(MIN(_xlfn._xlws.FILTER(O$3:O$650,ISNUMBER(MATCH(TRIM($B$3:$B$650),TRIM(_xlfn.TEXTSPLIT($N43,",")),0)))),0)+P43,P43)),IF(TRIM($D43)="EA",IF(TRIM($E43)="M",ROUNDUP(O43*0.85,0),IF(TRIM($E43)="P",O43,P43)),P43))} -> #VALUE! | T43: {=IFERROR(IF(D43="SET",_xlfn.TEXTJOIN(", ",TRUE,_xlfn._xlws.FILTER(TRANSPOSE(TRIM(_xlfn.TEXTSPLIT(N43,","))),COUNTIFS(B$3:B$650,TRANSPOSE(TRIM(_xlfn.TEXTSPLIT(N43,","))),O$3:O$650,"<="&$T$1))),""),"")}
A44: 5046 | B44: 05046 | C44: FRI | D44: EA | E44: P | H44: TreeSpirit™ 2-Piece Salad Server Sets - Cherry 12" | I44: =ISNUMBER(SEARCH($I$2,H44)) -> FALSE | J44: TreeSpirit™ | K44: Server | L44: Server | O44: 2 | P44: {=_xlfn.XLOOKUP(TRIM(B44),TRIM('[1]wc-product-export-16-3-2026-177'!$A:$A),'[1]wc-product-export-16-3-2026-177'!$D:$D,0,0)} -> 0 | Q44: {=IF(TRIM($D44)="SET",IF($K44="Steak Set1",ROUNDDOWN(IFERROR(MIN(_xlfn._xlws.FILTER(O$3:O$650,ISNUMBER(MATCH(TRIM($B$3:$B$650),TRIM(_xlfn.TEXTSPLIT($N44,",")),0)))),0)/4,0)+P44,IF(IFERROR(MIN(_xlfn._xlws.FILTER(O$3:O$650,ISNUMBER(MATCH(TRIM($B$3:$B$650),TRIM(_xlfn.TEXTSPLIT($N44,",")),0)))),0)>=$E$1,IFERROR(MIN(_xlfn._xlws.FILTER(O$3:O$650,ISNUMBER(MATCH(TRIM($B$3:$B$650),TRIM(_xlfn.TEXTSPLIT($N44,",")),0)))),0)+P44,P44)),IF(TRIM($D44)="EA",IF(TRIM($E44)="M",ROUNDUP(O44*0.85,0),IF(TRIM($E44)="P",O44,P44)),P44))} -> 2 | T44: {=IFERROR(IF(D44="SET",_xlfn.TEXTJOIN(", ",TRUE,_xlfn._xlws.FILTER(TRANSPOSE(TRIM(_xlfn.TEXTSPLIT(N44,","))),COUNTIFS(B$3:B$650,TRANSPOSE(TRIM(_xlfn.TEXTSPLIT(N44,","))),O$3:O$650,"<="&$T$1))),""),"")}
A45: 5048 | B45: 05048 | C45: FRI | D45: EA | E45: P | H45: TreeSpirit™ 2-Piece Salad Server Sets - Walnut 14" | I45: =ISNUMBER(SEARCH($I$2,H45)) -> FALSE | J45: TreeSpirit™ | K45: Server | L45: Server | O45: 4 | P45: {=_xlfn.XLOOKUP(TRIM(B45),TRIM('[1]wc-product-export-16-3-2026-177'!$A:$A),'[1]wc-product-export-16-3-2026-177'!$D:$D,0,0)} -> 0 | Q45: {=IF(TRIM($D45)="SET",IF($K45="Steak Set1",ROUNDDOWN(IFERROR(MIN(_xlfn._xlws.FILTER(O$3:O$650,ISNUMBER(MATCH(TRIM($B$3:$B$650),TRIM(_xlfn.TEXTSPLIT($N45,",")),0)))),0)/4,0)+P45,IF(IFERROR(MIN(_xlfn._xlws.FILTER(O$3:O$650,ISNUMBER(MATCH(TRIM($B$3:$B$650),TRIM(_xlfn.TEXTSPLIT($N45,",")),0)))),0)>=$E$1,IFERROR(MIN(_xlfn._xlws.FILTER(O$3:O$650,ISNUMBER(MATCH(TRIM($B$3:$B$650),TRIM(_xlfn.TEXTSPLIT($N45,",")),0)))),0)+P45,P45)),IF(TRIM($D45)="EA",IF(TRIM($E45)="M",ROUNDUP(O45*0.85,0),IF(TRIM($E45)="P",O45,P45)),P45))} -> 4 | T45: {=IFERROR(IF(D45="SET",_xlfn.TEXTJOIN(", ",TRUE,_xlfn._xlws.FILTER(TRANSPOSE(TRIM(_xlfn.TEXTSPLIT(N45,","))),COUNTIFS(B$3:B$650,TRANSPOSE(TRIM(_xlfn.TEXTSPLIT(N45,","))),O$3:O$650,"<="&$T$1))),""),"")}
A46: 21820 | B46: 21820 | C46: FRI | D46: EA | E46: M | H46: TT MICRO SPAT CUSH GRIP 5.5 IN | I46: =ISNUMBER(SEARCH($I$2,H46)) -> FALSE | J46: Trade Tools | K46: Trade Tools | L46: Trade Tools | O46: N/A | P46: {=_xlfn.XLOOKUP(TRIM(B46),TRIM('[1]wc-product-export-16-3-2026-177'!$A:$A),'[1]wc-product-export-16-3-2026-177'!$D:$D,0,0)} -> 0 | Q46: {=IF(TRIM($D46)="SET",IF($K46="Steak Set1",ROUNDDOWN(IFERROR(MIN(_xlfn._xlws.FILTER(O$3:O$650,ISNUMBER(MATCH(TRIM($B$3:$B$650),TRIM(_xlfn.TEXTSPLIT($N46,",")),0)))),0)/4,0)+P46,IF(IFERROR(MIN(_xlfn._xlws.FILTER(O$3:O$650,ISNUMBER(MATCH(TRIM($B$3:$B$650),TRIM(_xlfn.TEXTSPLIT($N46,",")),0)))),0)>=$E$1,IFERROR(MIN(_xlfn._xlws.FILTER(O$3:O$650,ISNUMBER(MATCH(TRIM($B$3:$B$650),TRIM(_xlfn.TEXTSPLIT($N46,",")),0)))),0)+P46,P46)),IF(TRIM($D46)="EA",IF(TRIM($E46)="M",ROUNDUP(O46*0.85,0),IF(TRIM($E46)="P",O46,P46)),P46))} -> #VALUE! | T46: {=IFERROR(IF(D46="SET",_xlfn.TEXTJOIN(", ",TRUE,_xlfn._xlws.FILTER(TRANSPOSE(TRIM(_xlfn.TEXTSPLIT(N46,","))),COUNTIFS(B$3:B$650,TRANSPOSE(TRIM(_xlfn.TEXTSPLIT(N46,","))),O$3:O$650,"<="&$T$1))),""),"")}
A47: 22000 | B47: 22000 | C47: FRI | D47: EA | E47: M | H47: TT PILL KNIFE/SPATULA 4 IN | I47: =ISNUMBER(SEARCH($I$2,H47)) -> FALSE | J47: Trade Tools | K47: Trade Tools | L47: Trade Tools | O47: N/A | P47: {=_xlfn.XLOOKUP(TRIM(B47),TRIM('[1]wc-product-export-16-3-2026-177'!$A:$A),'[1]wc-product-export-16-3-2026-177'!$D:$D,0,0)} -> 0 | Q47: {=IF(TRIM($D47)="SET",IF($K47="Steak Set1",ROUNDDOWN(IFERROR(MIN(_xlfn._xlws.FILTER(O$3:O$650,ISNUMBER(MATCH(TRIM($B$3:$B$650),TRIM(_xlfn.TEXTSPLIT($N47,",")),0)))),0)/4,0)+P47,IF(IFERROR(MIN(_xlfn._xlws.FILTER(O$3:O$650,ISNUMBER(MATCH(TRIM($B$3:$B$650),TRIM(_xlfn.TEXTSPLIT($N47,",")),0)))),0)>=$E$1,IFERROR(MIN(_xlfn._xlws.FILTER(O$3:O$650,ISNUMBER(MATCH(TRIM($B$3:$B$650),TRIM(_xlfn.TEXTSPLIT($N47,",")),0)))),0)+P47,P47)),IF(TRIM($D47)="EA",IF(TRIM($E47)="M",ROUNDUP(O47*0.85,0),IF(TRIM($E47)="P",O47,P47)),P47))} -> #VALUE! | T47: {=IFERROR(IF(D47="SET",_xlfn.TEXTJOIN(", ",TRUE,_xlfn._xlws.FILTER(TRANSPOSE(TRIM(_xlfn.TEXTSPLIT(N47,","))),COUNTIFS(B$3:B$650,TRANSPOSE(TRIM(_xlfn.TEXTSPLIT(N47,","))),O$3:O$650,"<="&$T$1))),""),"")}
A48: 32425 | B48: 32425 | C48: THU | D48: EA | E48: M | H48: 1" Chestnut Knife, Walnut | I48: =ISNUMBER(SEARCH($I$2,H48)) -> FALSE | J48: Walnut Kitchen Tools | K48: Specialty | L48: Specialty | O48: 107 | P48: {=_xlfn.XLOOKUP(TRIM(B48),TRIM('[1]wc-product-export-16-3-2026-177'!$A:$A),'[1]wc-product-export-16-3-2026-177'!$D:$D,0,0)} -> 0 | Q48: {=IF(TRIM($D48)="SET",IF($K48="Steak Set1",ROUNDDOWN(IFERROR(MIN(_xlfn._xlws.FILTER(O$3:O$650,ISNUMBER(MATCH(TRIM($B$3:$B$650),TRIM(_xlfn.TEXTSPLIT($N48,",")),0)))),0)/4,0)+P48,IF(IFERROR(MIN(_xlfn._xlws.FILTER(O$3:O$650,ISNUMBER(MATCH(TRIM($B$3:$B$650),TRIM(_xlfn.TEXTSPLIT($N48,",")),0)))),0)>=$E$1,IFERROR(MIN(_xlfn._xlws.FILTER(O$3:O$650,ISNUMBER(MATCH(TRIM($B$3:$B$650),TRIM(_xlfn.TEXTSPLIT($N48,",")),0)))),0)+P48,P48)),IF(TRIM($D48)="EA",IF(TRIM($E48)="M",ROUNDUP(O48*0.85,0),IF(TRIM($E48)="P",O48,P48)),P48))} -> 91 | T48: {=IFERROR(IF(D48="SET",_xlfn.TEXTJOIN(", ",TRUE,_xlfn._xlws.FILTER(TRANSPOSE(TRIM(_xlfn.TEXTSPLIT(N48,","))),COUNTIFS(B$3:B$650,TRANSPOSE(TRIM(_xlfn.TEXTSPLIT(N48,","))),O$3:O$650,"<="&$T$1))),""),"")}
A49: 32475 | B49: 32475 | C49: THU | D49: EA | E49: M | H49: 3.5" Grandma’s Paring Knife, Walnut | I49: =ISNUMBER(SEARCH($I$2,H49)) -> FALSE | J49: Granny Tools | K49: Paring | L49: Paring | O49: 68 | P49: {=_xlfn.XLOOKUP(TRIM(B49),TRIM('[1]wc-product-export-16-3-2026-177'!$A:$A),'[1]wc-product-export-16-3-2026-177'!$D:$D,0,0)} -> 0 | Q49: {=IF(TRIM($D49)="SET",IF($K49="Steak Set1",ROUNDDOWN(IFERROR(MIN(_xlfn._xlws.FILTER(O$3:O$650,ISNUMBER(MATCH(TRIM($B$3:$B$650),TRIM(_xlfn.TEXTSPLIT($N49,",")),0)))),0)/4,0)+P49,IF(IFERROR(MIN(_xlfn._xlws.FILTER(O$3:O$650,ISNUMBER(MATCH(TRIM($B$3:$B$650),TRIM(_xlfn.TEXTSPLIT($N49,",")),0)))),0)>=$E$1,IFERROR(MIN(_xlfn._xlws.FILTER(O$3:O$650,ISNUMBER(MATCH(TRIM($B$3:$B$650),TRIM(_xlfn.TEXTSPLIT($N49,",")),0)))),0)+P49,P49)),IF(TRIM($D49)="EA",IF(TRIM($E49)="M",ROUNDUP(O49*0.85,0),IF(TRIM($E49)="P",O49,P49)),P49))} -> 58 | T49: {=IFERROR(IF(D49="SET",_xlfn.TEXTJOIN(", ",TRUE,_xlfn._xlws.FILTER(TRANSPOSE(TRIM(_xlfn.TEXTSPLIT(N49,","))),COUNTIFS(B$3:B$650,TRANSPOSE(TRIM(_xlfn.TEXTSPLIT(N49,","))),O$3:O$650,"<="&$T$1))),""),"")}
A50: 33060 | B50: 33060 | C50: THU | D50: EA | E50: M | H50: 8" Chinese Vegetable Cleaver, Walnut | I50: =ISNUMBER(SEARCH($I$2,H50)) -> FALSE | J50: Walnut Kitchen Tools | K50: Cleaver | L50: Cleaver | O50: 105 | P50: {=_xlfn.XLOOKUP(TRIM(B50),TRIM('[1]wc-product-export-16-3-2026-177'!$A:$A),'[1]wc-product-export-16-3-2026-177'!$D:$D,0,0)} -> 0 | Q50: {=IF(TRIM($D50)="SET",IF($K50="Steak Set1",ROUNDDOWN(IFERROR(MIN(_xlfn._xlws.FILTER(O$3:O$650,ISNUMBER(MATCH(TRIM($B$3:$B$650),TRIM(_xlfn.TEXTSPLIT($N50,",")),0)))),0)/4,0)+P50,IF(IFERROR(MIN(_xlfn._xlws.FILTER(O$3:O$650,ISNUMBER(MATCH(TRIM($B$3:$B$650),TRIM(_xlfn.TEXTSPLIT($N50,",")),0)))),0)>=$E$1,IFERROR(MIN(_xlfn._xlws.FILTER(O$3:O$650,ISNUMBER(MATCH(TRIM($B$3:$B$650),TRIM(_xlfn.TEXTSPLIT($N50,",")),0)))),0)+P50,P50)),IF(TRIM($D50)="EA",IF(TRIM($E50)="M",ROUNDUP(O50*0.85,0),IF(TRIM($E50)="P",O50,P50)),P50))} -> 90 | T50: {=IFERROR(IF(D50="SET",_xlfn.TEXTJOIN(", ",TRUE,_xlfn._xlws.FILTER(TRANSPOSE(TRIM(_xlfn.TEXTSPLIT(N50,","))),COUNTIFS(B$3:B$650,TRANSPOSE(TRIM(_xlfn.TEXTSPLIT(N50,","))),O$3:O$650,"<="&$T$1))),""),"")}
A51: 5051 | B51: 05051 | C51: FRI | D51: EA | E51: P | H51: Bar Keepers Friend Soft Cleanser, 26 oz. | I51: =ISNUMBER(SEARCH($I$2,H51)) -> FALSE | J51: TreeSpirit™ | K51: Protection | L51: Protection | O51: 45 | P51: {=_xlfn.XLOOKUP(TRIM(B51),TRIM('[1]wc-product-export-16-3-2026-177'!$A:$A),'[1]wc-product-export-16-3-2026-177'!$D:$D,0,0)} -> 0 | Q51: {=IF(TRIM($D51)="SET",IF($K51="Steak Set1",ROUNDDOWN(IFERROR(MIN(_xlfn._xlws.FILTER(O$3:O$650,ISNUMBER(MATCH(TRIM($B$3:$B$650),TRIM(_xlfn.TEXTSPLIT($N51,",")),0)))),0)/4,0)+P51,IF(IFERROR(MIN(_xlfn._xlws.FILTER(O$3:O$650,ISNUMBER(MATCH(TRIM($B$3:$B$650),TRIM(_xlfn.TEXTSPLIT($N51,",")),0)))),0)>=$E$1,IFERROR(MIN(_xlfn._xlws.FILTER(O$3:O$650,ISNUMBER(MATCH(TRIM($B$3:$B$650),TRIM(_xlfn.TEXTSPLIT($N51,",")),0)))),0)+P51,P51)),IF(TRIM($D51)="EA",IF(TRIM($E51)="M",ROUNDUP(O51*0.85,0),IF(TRIM($E51)="P",O51,P51)),P51))} -> 45 | T51: {=IFERROR(IF(D51="SET",_xlfn.TEXTJOIN(", ",TRUE,_xlfn._xlws.FILTER(TRANSPOSE(TRIM(_xlfn.TEXTSPLIT(N51,","))),COUNTIFS(B$3:B$650,TRANSPOSE(TRIM(_xlfn.TEXTSPLIT(N51,","))),O$3:O$650,"<="&$T$1))),""),"")}
A52: 56878 | B52: 56878 | C52: FRI | D52: EA | E52: P | F52: Y | H52: Combination Dual Arkansas Bench Stone Honing Kit | I52: =ISNUMBER(SEARCH($I$2,H52)) -> FALSE | J52: Accessories | K52: Protection | L52: Protection | O52: N/A | P52: {=_xlfn.XLOOKUP(TRIM(B52),TRIM('[1]wc-product-export-16-3-2026-177'!$A:$A),'[1]wc-product-export-16-3-2026-177'!$D:$D,0,0)} -> 0 | Q52: {=IF(TRIM($D52)="SET",IF($K52="Steak Set1",ROUNDDOWN(IFERROR(MIN(_xlfn._xlws.FILTER(O$3:O$650,ISNUMBER(MATCH(TRIM($B$3:$B$650),TRIM(_xlfn.TEXTSPLIT($N52,",")),0)))),0)/4,0)+P52,IF(IFERROR(MIN(_xlfn._xlws.FILTER(O$3:O$650,ISNUMBER(MATCH(TRIM($B$3:$B$650),TRIM(_xlfn.TEXTSPLIT($N52,",")),0)))),0)>=$E$1,IFERROR(MIN(_xlfn._xlws.FILTER(O$3:O$650,ISNUMBER(MATCH(TRIM($B$3:$B$650),TRIM(_xlfn.TEXTSPLIT($N52,",")),0)))),0)+P52,P52)),IF(TRIM($D52)="EA",IF(TRIM($E52)="M",ROUNDUP(O52*0.85,0),IF(TRIM($E52)="P",O52,P52)),P52))} -> N/A | T52: {=IFERROR(IF(D52="SET",_xlfn.TEXTJOIN(", ",TRUE,_xlfn._xlws.FILTER(TRANSPOSE(TRIM(_xlfn.TEXTSPLIT(N52,","))),COUNTIFS(B$3:B$650,TRANSPOSE(TRIM(_xlfn.TEXTSPLIT(N52,","))),O$3:O$650,"<="&$T$1))),""),"")}
A53: 56879 | B53: 56879 | C53: FRI | D53: EA | E53: P | F53: Y | H53: Deluxe Honing Kit with 3 Arkansas Stones and Oil | I53: =ISNUMBER(SEARCH($I$2,H53)) -> FALSE | J53: Accessories | K53: Protection | L53: Protection | O53: N/A | P53: {=_xlfn.XLOOKUP(TRIM(B53),TRIM('[1]wc-product-export-16-3-2026-177'!$A:$A),'[1]wc-product-export-16-3-2026-177'!$D:$D,0,0)} -> 0 | Q53: {=IF(TRIM($D53)="SET",IF($K53="Steak Set1",ROUNDDOWN(IFERROR(MIN(_xlfn._xlws.FILTER(O$3:O$650,ISNUMBER(MATCH(TRIM($B$3:$B$650),TRIM(_xlfn.TEXTSPLIT($N53,",")),0)))),0)/4,0)+P53,IF(IFERROR(MIN(_xlfn._xlws.FILTER(O$3:O$650,ISNUMBER(MATCH(TRIM($B$3:$B$650),TRIM(_xlfn.TEXTSPLIT($N53,",")),0)))),0)>=$E$1,IFERROR(MIN(_xlfn._xlws.FILTER(O$3:O$650,ISNUMBER(MATCH(TRIM($B$3:$B$650),TRIM(_xlfn.TEXTSPLIT($N53,",")),0)))),0)+P53,P53)),IF(TRIM($D53)="EA",IF(TRIM($E53)="M",ROUNDUP(O53*0.85,0),IF(TRIM($E53)="P",O53,P53)),P53))} -> N/A | T53: {=IFERROR(IF(D53="SET",_xlfn.TEXTJOIN(", ",TRUE,_xlfn._xlws.FILTER(TRANSPOSE(TRIM(_xlfn.TEXTSPLIT(N53,","))),COUNTIFS(B$3:B$650,TRANSPOSE(TRIM(_xlfn.TEXTSPLIT(N53,","))),O$3:O$650,"<="&$T$1))),""),"")}
A54: 5055 | B54: 05055 | C54: FRI | D54: EA | E54: P | H54: TreeSpirit™ 17" x 8" Live Edge Cutting and Serving Boards - Cherry | I54: =ISNUMBER(SEARCH($I$2,H54)) -> FALSE | J54: TreeSpirit™ | K54: Server | L54: Server | O54: 9 | P54: {=_xlfn.XLOOKUP(TRIM(B54),TRIM('[1]wc-product-export-16-3-2026-177'!$A:$A),'[1]wc-product-export-16-3-2026-177'!$D:$D,0,0)} -> 0 | Q54: {=IF(TRIM($D54)="SET",IF($K54="Steak Set1",ROUNDDOWN(IFERROR(MIN(_xlfn._xlws.FILTER(O$3:O$650,ISNUMBER(MATCH(TRIM($B$3:$B$650),TRIM(_xlfn.TEXTSPLIT($N54,",")),0)))),0)/4,0)+P54,IF(IFERROR(MIN(_xlfn._xlws.FILTER(O$3:O$650,ISNUMBER(MATCH(TRIM($B$3:$B$650),TRIM(_xlfn.TEXTSPLIT($N54,",")),0)))),0)>=$E$1,IFERROR(MIN(_xlfn._xlws.FILTER(O$3:O$650,ISNUMBER(MATCH(TRIM($B$3:$B$650),TRIM(_xlfn.TEXTSPLIT($N54,",")),0)))),0)+P54,P54)),IF(TRIM($D54)="EA",IF(TRIM($E54)="M",ROUNDUP(O54*0.85,0),IF(TRIM($E54)="P",O54,P54)),P54))} -> 9 | T54: {=IFERROR(IF(D54="SET",_xlfn.TEXTJOIN(", ",TRUE,_xlfn._xlws.FILTER(TRANSPOSE(TRIM(_xlfn.TEXTSPLIT(N54,","))),COUNTIFS(B$3:B$650,TRANSPOSE(TRIM(_xlfn.TEXTSPLIT(N54,","))),O$3:O$650,"<="&$T$1))),""),"")}
A55: 5056 | B55: 05056 | C55: FRI | D55: EA | E55: P | H55: TreeSpirit™ 17" x 8" Live Edge Cutting and Serving Boards - Walnut | I55: =ISNUMBER(SEARCH($I$2,H55)) -> FALSE | J55: TreeSpirit™ | K55: Server | L55: Server | O55: 4 | P55: {=_xlfn.XLOOKUP(TRIM(B55),TRIM('[1]wc-product-export-16-3-2026-177'!$A:$A),'[1]wc-product-export-16-3-2026-177'!$D:$D,0,0)} -> 0 | Q55: {=IF(TRIM($D55)="SET",IF($K55="Steak Set1",ROUNDDOWN(IFERROR(MIN(_xlfn._xlws.FILTER(O$3:O$650,ISNUMBER(MATCH(TRIM($B$3:$B$650),TRIM(_xlfn.TEXTSPLIT($N55,",")),0)))),0)/4,0)+P55,IF(IFERROR(MIN(_xlfn._xlws.FILTER(O$3:O$650,ISNUMBER(MATCH(TRIM($B$3:$B$650),TRIM(_xlfn.TEXTSPLIT($N55,",")),0)))),0)>=$E$1,IFERROR(MIN(_xlfn._xlws.FILTER(O$3:O$650,ISNUMBER(MATCH(TRIM($B$3:$B$650),TRIM(_xlfn.TEXTSPLIT($N55,",")),0)))),0)+P55,P55)),IF(TRIM($D55)="EA",IF(TRIM($E55)="M",ROUNDUP(O55*0.85,0),IF(TRIM($E55)="P",O55,P55)),P55))} -> 4 | T55: {=IFERROR(IF(D55="SET",_xlfn.TEXTJOIN(", ",TRUE,_xlfn._xlws.FILTER(TRANSPOSE(TRIM(_xlfn.TEXTSPLIT(N55,","))),COUNTIFS(B$3:B$650,TRANSPOSE(TRIM(_xlfn.TEXTSPLIT(N55,","))),O$3:O$650,"<="&$T$1))),""),"")}
A56: 5060 | B56: 05060 | C56: FRI | D56: EA | E56: P | H56: TreeSpirit™ Reversible Cutting Boards with Juice Groove | I56: =ISNUMBER(SEARCH($I$2,H56)) -> FALSE | J56: TreeSpirit™ | K56: Utensils | L56: Utensils | O56: 0 | P56: {=_xlfn.XLOOKUP(TRIM(B56),TRIM('[1]wc-product-export-16-3-2026-177'!$A:$A),'[1]wc-product-export-16-3-2026-177'!$D:$D,0,0)} -> 0 | Q56: {=IF(TRIM($D56)="SET",IF($K56="Steak Set1",ROUNDDOWN(IFERROR(MIN(_xlfn._xlws.FILTER(O$3:O$650,ISNUMBER(MATCH(TRIM($B$3:$B$650),TRIM(_xlfn.TEXTSPLIT($N56,",")),0)))),0)/4,0)+P56,IF(IFERROR(MIN(_xlfn._xlws.FILTER(O$3:O$650,ISNUMBER(MATCH(TRIM($B$3:$B$650),TRIM(_xlfn.TEXTSPLIT($N56,",")),0)))),0)>=$E$1,IFERROR(MIN(_xlfn._xlws.FILTER(O$3:O$650,ISNUMBER(MATCH(TRIM($B$3:$B$650),TRIM(_xlfn.TEXTSPLIT($N56,",")),0)))),0)+P56,P56)),IF(TRIM($D56)="EA",IF(TRIM($E56)="M",ROUNDUP(O56*0.85,0),IF(TRIM($E56)="P",O56,P56)),P56))} -> 0 | T56: {=IFERROR(IF(D56="SET",_xlfn.TEXTJOIN(", ",TRUE,_xlfn._xlws.FILTER(TRANSPOSE(TRIM(_xlfn.TEXTSPLIT(N56,","))),COUNTIFS(B$3:B$650,TRANSPOSE(TRIM(_xlfn.TEXTSPLIT(N56,","))),O$3:O$650,"<="&$T$1))),""),"")}
A57: 5061 | B57: 05061 | C57: FRI | D57: EA | E57: P | H57: TreeSpirit™ Reversible Cutting Boards with Juice Groove | I57: =ISNUMBER(SEARCH($I$2,H57)) -> FALSE | J57: TreeSpirit™ | K57: Utensils | L57: Utensils | O57: 3 | P57: {=_xlfn.XLOOKUP(TRIM(B57),TRIM('[1]wc-product-export-16-3-2026-177'!$A:$A),'[1]wc-product-export-16-3-2026-177'!$D:$D,0,0)} -> 0 | Q57: {=IF(TRIM($D57)="SET",IF($K57="Steak Set1",ROUNDDOWN(IFERROR(MIN(_xlfn._xlws.FILTER(O$3:O$650,ISNUMBER(MATCH(TRIM($B$3:$B$650),TRIM(_xlfn.TEXTSPLIT($N57,",")),0)))),0)/4,0)+P57,IF(IFERROR(MIN(_xlfn._xlws.FILTER(O$3:O$650,ISNUMBER(MATCH(TRIM($B$3:$B$650),TRIM(_xlfn.TEXTSPLIT($N57,",")),0)))),0)>=$E$1,IFERROR(MIN(_xlfn._xlws.FILTER(O$3:O$650,ISNUMBER(MATCH(TRIM($B$3:$B$650),TRIM(_xlfn.TEXTSPLIT($N57,",")),0)))),0)+P57,P57)),IF(TRIM($D57)="EA",IF(TRIM($E57)="M",ROUNDUP(O57*0.85,0),IF(TRIM($E57)="P",O57,P57)),P57))} -> 3 | T57: {=IFERROR(IF(D57="SET",_xlfn.TEXTJOIN(", ",TRUE,_xlfn._xlws.FILTER(TRANSPOSE(TRIM(_xlfn.TEXTSPLIT(N57,","))),COUNTIFS(B$3:B$650,TRANSPOSE(TRIM(_xlfn.TEXTSPLIT(N57,","))),O$3:O$650,"<="&$T$1))),""),"")}
A58: 5065 | B58: 05065 | C58: FRI | D58: EA | E58: P | F58: X | H58: TreeSpirit™ Reversible Cutting Boards with Juice Groove - Cherry 10X8 | I58: =ISNUMBER(SEARCH($I$2,H58)) -> FALSE | J58: TreeSpirit™ | K58: Utensils | L58: Utensils | O58: 12 | P58: {=_xlfn.XLOOKUP(TRIM(B58),TRIM('[1]wc-product-export-16-3-2026-177'!$A:$A),'[1]wc-product-export-16-3-2026-177'!$D:$D,0,0)} -> 0 | Q58: {=IF(TRIM($D58)="SET",IF($K58="Steak Set1",ROUNDDOWN(IFERROR(MIN(_xlfn._xlws.FILTER(O$3:O$650,ISNUMBER(MATCH(TRIM($B$3:$B$650),TRIM(_xlfn.TEXTSPLIT($N58,",")),0)))),0)/4,0)+P58,IF(IFERROR(MIN(_xlfn._xlws.FILTER(O$3:O$650,ISNUMBER(MATCH(TRIM($B$3:$B$650),TRIM(_xlfn.TEXTSPLIT($N58,",")),0)))),0)>=$E$1,IFERROR(MIN(_xlfn._xlws.FILTER(O$3:O$650,ISNUMBER(MATCH(TRIM($B$3:$B$650),TRIM(_xlfn.TEXTSPLIT($N58,",")),0)))),0)+P58,P58)),IF(TRIM($D58)="EA",IF(TRIM($E58)="M",ROUNDUP(O58*0.85,0),IF(TRIM($E58)="P",O58,P58)),P58))} -> 12 | T58: {=IFERROR(IF(D58="SET",_xlfn.TEXTJOIN(", ",TRUE,_xlfn._xlws.FILTER(TRANSPOSE(TRIM(_xlfn.TEXTSPLIT(N58,","))),COUNTIFS(B$3:B$650,TRANSPOSE(TRIM(_xlfn.TEXTSPLIT(N58,","))),O$3:O$650,"<="&$T$1))),""),"")}
A59: 5066 | B59: 05066 | C59: FRI | D59: EA | E59: P | H59: TreeSpirit™ Reversible Cutting Boards with Juice Groove | I59: =ISNUMBER(SEARCH($I$2,H59)) -> FALSE | J59: TreeSpirit™ | K59: Utensils | L59: Utensils | O59: 11 | P59: {=_xlfn.XLOOKUP(TRIM(B59),TRIM('[1]wc-product-export-16-3-2026-177'!$A:$A),'[1]wc-product-export-16-3-2026-177'!$D:$D,0,0)} -> 0 | Q59: {=IF(TRIM($D59)="SET",IF($K59="Steak Set1",ROUNDDOWN(IFERROR(MIN(_xlfn._xlws.FILTER(O$3:O$650,ISNUMBER(MATCH(TRIM($B$3:$B$650),TRIM(_xlfn.TEXTSPLIT($N59,",")),0)))),0)/4,0)+P59,IF(IFERROR(MIN(_xlfn._xlws.FILTER(O$3:O$650,ISNUMBER(MATCH(TRIM($B$3:$B$650),TRIM(_xlfn.TEXTSPLIT($N59,",")),0)))),0)>=$E$1,IFERROR(MIN(_xlfn._xlws.FILTER(O$3:O$650,ISNUMBER(MATCH(TRIM($B$3:$B$650),TRIM(_xlfn.TEXTSPLIT($N59,",")),0)))),0)+P59,P59)),IF(TRIM($D59)="EA",IF(TRIM($E59)="M",ROUNDUP(O59*0.85,0),IF(TRIM($E59)="P",O59,P59)),P59))} -> 11 | T59: {=IFERROR(IF(D59="SET",_xlfn.TEXTJOIN(", ",TRUE,_xlfn._xlws.FILTER(TRANSPOSE(TRIM(_xlfn.TEXTSPLIT(N59,","))),COUNTIFS(B$3:B$650,TRANSPOSE(TRIM(_xlfn.TEXTSPLIT(N59,","))),O$3:O$650,"<="&$T$1))),""),"")}
A60: 5057 | B60: 05057 | C60: FRI | D60: EA | E60: P | F60: X | H60: TreeSpirit™ 17" x 8" Live Edge Cutting and Serving Boards - Maple | I60: =ISNUMBER(SEARCH($I$2,H60)) -> FALSE | J60: TreeSpirit™ | K60: Utensils | L60: Utensils | O60: N/A | P60: {=_xlfn.XLOOKUP(TRIM(B60),TRIM('[1]wc-product-export-16-3-2026-177'!$A:$A),'[1]wc-product-export-16-3-2026-177'!$D:$D,0,0)} -> 0 | Q60: {=IF(TRIM($D60)="SET",IF($K60="Steak Set1",ROUNDDOWN(IFERROR(MIN(_xlfn._xlws.FILTER(O$3:O$650,ISNUMBER(MATCH(TRIM($B$3:$B$650),TRIM(_xlfn.TEXTSPLIT($N60,",")),0)))),0)/4,0)+P60,IF(IFERROR(MIN(_xlfn._xlws.FILTER(O$3:O$650,ISNUMBER(MATCH(TRIM($B$3:$B$650),TRIM(_xlfn.TEXTSPLIT($N60,",")),0)))),0)>=$E$1,IFERROR(MIN(_xlfn._xlws.FILTER(O$3:O$650,ISNUMBER(MATCH(TRIM($B$3:$B$650),TRIM(_xlfn.TEXTSPLIT($N60,",")),0)))),0)+P60,P60)),IF(TRIM($D60)="EA",IF(TRIM($E60)="M",ROUNDUP(O60*0.85,0),IF(TRIM($E60)="P",O60,P60)),P60))} -> N/A | T60: {=IFERROR(IF(D60="SET",_xlfn.TEXTJOIN(", ",TRUE,_xlfn._xlws.FILTER(TRANSPOSE(TRIM(_xlfn.TEXTSPLIT(N60,","))),COUNTIFS(B$3:B$650,TRANSPOSE(TRIM(_xlfn.TEXTSPLIT(N60,","))),O$3:O$650,"<="&$T$1))),""),"")}
A61: 5068 | B61: 05068 | C61: FRI | D61: EA | E61: P | H61: TreeSpirit™ 16" Pantry Paddles - Walnut | I61: =ISNUMBER(SEARCH($I$2,H61)) -> FALSE | J61: TreeSpirit™ | K61: Utensils | L61: Utensils | O61: 9 | P61: {=_xlfn.XLOOKUP(TRIM(B61),TRIM('[1]wc-product-export-16-3-2026-177'!$A:$A),'[1]wc-product-export-16-3-2026-177'!$D:$D,0,0)} -> 0 | Q61: {=IF(TRIM($D61)="SET",IF($K61="Steak Set1",ROUNDDOWN(IFERROR(MIN(_xlfn._xlws.FILTER(O$3:O$650,ISNUMBER(MATCH(TRIM($B$3:$B$650),TRIM(_xlfn.TEXTSPLIT($N61,",")),0)))),0)/4,0)+P61,IF(IFERROR(MIN(_xlfn._xlws.FILTER(O$3:O$650,ISNUMBER(MATCH(TRIM($B$3:$B$650),TRIM(_xlfn.TEXTSPLIT($N61,",")),0)))),0)>=$E$1,IFERROR(MIN(_xlfn._xlws.FILTER(O$3:O$650,ISNUMBER(MATCH(TRIM($B$3:$B$650),TRIM(_xlfn.TEXTSPLIT($N61,",")),0)))),0)+P61,P61)),IF(TRIM($D61)="EA",IF(TRIM($E61)="M",ROUNDUP(O61*0.85,0),IF(TRIM($E61)="P",O61,P61)),P61))} -> 9 | T61: {=IFERROR(IF(D61="SET",_xlfn.TEXTJOIN(", ",TRUE,_xlfn._xlws.FILTER(TRANSPOSE(TRIM(_xlfn.TEXTSPLIT(N61,","))),COUNTIFS(B$3:B$650,TRANSPOSE(TRIM(_xlfn.TEXTSPLIT(N61,","))),O$3:O$650,"<="&$T$1))),""),"")}
A62: 5069 | B62: 05069 | C62: FRI | D62: EA | E62: P | H62: TreeSpirit™ 16" Pantry Paddles - Cherry | I62: =ISNUMBER(SEARCH($I$2,H62)) -> FALSE | J62: TreeSpirit™ | K62: Utensils | L62: Utensils | O62: 4 | P62: {=_xlfn.XLOOKUP(TRIM(B62),TRIM('[1]wc-product-export-16-3-2026-177'!$A:$A),'[1]wc-product-export-16-3-2026-177'!$D:$D,0,0)} -> 0 | Q62: {=IF(TRIM($D62)="SET",IF($K62="Steak Set1",ROUNDDOWN(IFERROR(MIN(_xlfn._xlws.FILTER(O$3:O$650,ISNUMBER(MATCH(TRIM($B$3:$B$650),TRIM(_xlfn.TEXTSPLIT($N62,",")),0)))),0)/4,0)+P62,IF(IFERROR(MIN(_xlfn._xlws.FILTER(O$3:O$650,ISNUMBER(MATCH(TRIM($B$3:$B$650),TRIM(_xlfn.TEXTSPLIT($N62,",")),0)))),0)>=$E$1,IFERROR(MIN(_xlfn._xlws.FILTER(O$3:O$650,ISNUMBER(MATCH(TRIM($B$3:$B$650),TRIM(_xlfn.TEXTSPLIT($N62,",")),0)))),0)+P62,P62)),IF(TRIM($D62)="EA",IF(TRIM($E62)="M",ROUNDUP(O62*0.85,0),IF(TRIM($E62)="P",O62,P62)),P62))} -> 4 | T62: {=IFERROR(IF(D62="SET",_xlfn.TEXTJOIN(", ",TRUE,_xlfn._xlws.FILTER(TRANSPOSE(TRIM(_xlfn.TEXTSPLIT(N62,","))),COUNTIFS(B$3:B$650,TRANSPOSE(TRIM(_xlfn.TEXTSPLIT(N62,","))),O$3:O$650,"<="&$T$1))),""),"")}
A63: 33100 | B63: 33100 | C63: THU | D63: EA | E63: M | H63: 7.25" Meat Cleaver, Walnut | I63: =ISNUMBER(SEARCH($I$2,H63)) -> FALSE | J63: Walnut Kitchen Tools | K63: Cleaver | L63: Cleaver | O63: 36 | P63: {=_xlfn.XLOOKUP(TRIM(B63),TRIM('[1]wc-product-export-16-3-2026-177'!$A:$A),'[1]wc-product-export-16-3-2026-177'!$D:$D,0,0)} -> 0 | Q63: {=IF(TRIM($D63)="SET",IF($K63="Steak Set1",ROUNDDOWN(IFERROR(MIN(_xlfn._xlws.FILTER(O$3:O$650,ISNUMBER(MATCH(TRIM($B$3:$B$650),TRIM(_xlfn.TEXTSPLIT($N63,",")),0)))),0)/4,0)+P63,IF(IFERROR(MIN(_xlfn._xlws.FILTER(O$3:O$650,ISNUMBER(MATCH(TRIM($B$3:$B$650),TRIM(_xlfn.TEXTSPLIT($N63,",")),0)))),0)>=$E$1,IFERROR(MIN(_xlfn._xlws.FILTER(O$3:O$650,ISNUMBER(MATCH(TRIM($B$3:$B$650),TRIM(_xlfn.TEXTSPLIT($N63,",")),0)))),0)+P63,P63)),IF(TRIM($D63)="EA",IF(TRIM($E63)="M",ROUNDUP(O63*0.85,0),IF(TRIM($E63)="P",O63,P63)),P63))} -> 31 | T63: {=IFERROR(IF(D63="SET",_xlfn.TEXTJOIN(", ",TRUE,_xlfn._xlws.FILTER(TRANSPOSE(TRIM(_xlfn.TEXTSPLIT(N63,","))),COUNTIFS(B$3:B$650,TRANSPOSE(TRIM(_xlfn.TEXTSPLIT(N63,","))),O$3:O$650,"<="&$T$1))),""),"")}
A64: 33119 | B64: 33119 | C64: THU | D64: EA | E64: M | F64: Y | H64: 7.25" Meat Cleaver, Black Poly | I64: =ISNUMBER(SEARCH($I$2,H64)) -> FALSE | J64: POM Kitchen Tools | K64: Cleaver | L64: Cleaver | O64: 45 | P64: {=_xlfn.XLOOKUP(TRIM(B64),TRIM('[1]wc-product-export-16-3-2026-177'!$A:$A),'[1]wc-product-export-16-3-2026-177'!$D:$D,0,0)} -> 0 | Q64: {=IF(TRIM($D64)="SET",IF($K64="Steak Set1",ROUNDDOWN(IFERROR(MIN(_xlfn._xlws.FILTER(O$3:O$650,ISNUMBER(MATCH(TRIM($B$3:$B$650),TRIM(_xlfn.TEXTSPLIT($N64,",")),0)))),0)/4,0)+P64,IF(IFERROR(MIN(_xlfn._xlws.FILTER(O$3:O$650,ISNUMBER(MATCH(TRIM($B$3:$B$650),TRIM(_xlfn.TEXTSPLIT($N64,",")),0)))),0)>=$E$1,IFERROR(MIN(_xlfn._xlws.FILTER(O$3:O$650,ISNUMBER(MATCH(TRIM($B$3:$B$650),TRIM(_xlfn.TEXTSPLIT($N64,",")),0)))),0)+P64,P64)),IF(TRIM($D64)="EA",IF(TRIM($E64)="M",ROUNDUP(O64*0.85,0),IF(TRIM($E64)="P",O64,P64)),P64))} -> 39 | T64: {=IFERROR(IF(D64="SET",_xlfn.TEXTJOIN(", ",TRUE,_xlfn._xlws.FILTER(TRANSPOSE(TRIM(_xlfn.TEXTSPLIT(N64,","))),COUNTIFS(B$3:B$650,TRANSPOSE(TRIM(_xlfn.TEXTSPLIT(N64,","))),O$3:O$650,"<="&$T$1))),""),"")}
A65: 5067 | B65: 05067 | C65: FRI | D65: EA | E65: P | F65: X | H65: TreeSpirit™ 16" Pantry Paddles - Maple | I65: =ISNUMBER(SEARCH($I$2,H65)) -> FALSE | J65: TreeSpirit™ | K65: Utensils | L65: Utensils | O65: N/A | P65: {=_xlfn.XLOOKUP(TRIM(B65),TRIM('[1]wc-product-export-16-3-2026-177'!$A:$A),'[1]wc-product-export-16-3-2026-177'!$D:$D,0,0)} -> 0 | Q65: {=IF(TRIM($D65)="SET",IF($K65="Steak Set1",ROUNDDOWN(IFERROR(MIN(_xlfn._xlws.FILTER(O$3:O$650,ISNUMBER(MATCH(TRIM($B$3:$B$650),TRIM(_xlfn.TEXTSPLIT($N65,",")),0)))),0)/4,0)+P65,IF(IFERROR(MIN(_xlfn._xlws.FILTER(O$3:O$650,ISNUMBER(MATCH(TRIM($B$3:$B$650),TRIM(_xlfn.TEXTSPLIT($N65,",")),0)))),0)>=$E$1,IFERROR(MIN(_xlfn._xlws.FILTER(O$3:O$650,ISNUMBER(MATCH(TRIM($B$3:$B$650),TRIM(_xlfn.TEXTSPLIT($N65,",")),0)))),0)+P65,P65)),IF(TRIM($D65)="EA",IF(TRIM($E65)="M",ROUNDUP(O65*0.85,0),IF(TRIM($E65)="P",O65,P65)),P65))} -> N/A | T65: {=IFERROR(IF(D65="SET",_xlfn.TEXTJOIN(", ",TRUE,_xlfn._xlws.FILTER(TRANSPOSE(TRIM(_xlfn.TEXTSPLIT(N65,","))),COUNTIFS(B$3:B$650,TRANSPOSE(TRIM(_xlfn.TEXTSPLIT(N65,","))),O$3:O$650,"<="&$T$1))),""),"")}
A66: 33120 | B66: 33120 | C66: THU | D66: EA | E66: M | H66: 7.25" Meat Cleaver, White Poly | I66: =ISNUMBER(SEARCH($I$2,H66)) -> FALSE | J66: POM Kitchen Tools | K66: Cleaver | L66: Cleaver | O66: 37 | P66: {=_xlfn.XLOOKUP(TRIM(B66),TRIM('[1]wc-product-export-16-3-2026-177'!$A:$A),'[1]wc-product-export-16-3-2026-177'!$D:$D,0,0)} -> 0 | Q66: {=IF(TRIM($D66)="SET",IF($K66="Steak Set1",ROUNDDOWN(IFERROR(MIN(_xlfn._xlws.FILTER(O$3:O$650,ISNUMBER(MATCH(TRIM($B$3:$B$650),TRIM(_xlfn.TEXTSPLIT($N66,",")),0)))),0)/4,0)+P66,IF(IFERROR(MIN(_xlfn._xlws.FILTER(O$3:O$650,ISNUMBER(MATCH(TRIM($B$3:$B$650),TRIM(_xlfn.TEXTSPLIT($N66,",")),0)))),0)>=$E$1,IFERROR(MIN(_xlfn._xlws.FILTER(O$3:O$650,ISNUMBER(MATCH(TRIM($B$3:$B$650),TRIM(_xlfn.TEXTSPLIT($N66,",")),0)))),0)+P66,P66)),IF(TRIM($D66)="EA",IF(TRIM($E66)="M",ROUNDUP(O66*0.85,0),IF(TRIM($E66)="P",O66,P66)),P66))} -> 32 | T66: {=IFERROR(IF(D66="SET",_xlfn.TEXTJOIN(", ",TRUE,_xlfn._xlws.FILTER(TRANSPOSE(TRIM(_xlfn.TEXTSPLIT(N66,","))),COUNTIFS(B$3:B$650,TRANSPOSE(TRIM(_xlfn.TEXTSPLIT(N66,","))),O$3:O$650,"<="&$T$1))),""),"")}
A67: 6010 | B67: 06010 | C67: FRI | D67: EA | E67: P | F67: Y | H67: TreeSpirit™ 5.5" Dough Scraper | I67: =ISNUMBER(SEARCH($I$2,H67)) -> FALSE | J67: TreeSpirit™ | K67: Utensils | L67: Utensils | O67: 26 | P67: {=_xlfn.XLOOKUP(TRIM(B67),TRIM('[1]wc-product-export-16-3-2026-177'!$A:$A),'[1]wc-product-export-16-3-2026-177'!$D:$D,0,0)} -> 0 | Q67: {=IF(TRIM($D67)="SET",IF($K67="Steak Set1",ROUNDDOWN(IFERROR(MIN(_xlfn._xlws.FILTER(O$3:O$650,ISNUMBER(MATCH(TRIM($B$3:$B$650),TRIM(_xlfn.TEXTSPLIT($N67,",")),0)))),0)/4,0)+P67,IF(IFERROR(MIN(_xlfn._xlws.FILTER(O$3:O$650,ISNUMBER(MATCH(TRIM($B$3:$B$650),TRIM(_xlfn.TEXTSPLIT($N67,",")),0)))),0)>=$E$1,IFERROR(MIN(_xlfn._xlws.FILTER(O$3:O$650,ISNUMBER(MATCH(TRIM($B$3:$B$650),TRIM(_xlfn.TEXTSPLIT($N67,",")),0)))),0)+P67,P67)),IF(TRIM($D67)="EA",IF(TRIM($E67)="M",ROUNDUP(O67*0.85,0),IF(TRIM($E67)="P",O67,P67)),P67))} -> 26 | T67: {=IFERROR(IF(D67="SET",_xlfn.TEXTJOIN(", ",TRUE,_xlfn._xlws.FILTER(TRANSPOSE(TRIM(_xlfn.TEXTSPLIT(N67,","))),COUNTIFS(B$3:B$650,TRANSPOSE(TRIM(_xlfn.TEXTSPLIT(N67,","))),O$3:O$650,"<="&$T$1))),""),"")}
A68: 33400 | B68: 33400 | C68: THU | D68: EA | E68: M | H68: 7" Granny Fork, 2-Tine, Walnut | I68: =ISNUMBER(SEARCH($I$2,H68)) -> FALSE | J68: Granny Tools | K68: Fork | L68: Granny Fork | O68: 143 | P68: {=_xlfn.XLOOKUP(TRIM(B68),TRIM('[1]wc-product-export-16-3-2026-177'!$A:$A),'[1]wc-product-export-16-3-2026-177'!$D:$D,0,0)} -> 0 | Q68: {=IF(TRIM($D68)="SET",IF($K68="Steak Set1",ROUNDDOWN(IFERROR(MIN(_xlfn._xlws.FILTER(O$3:O$650,ISNUMBER(MATCH(TRIM($B$3:$B$650),TRIM(_xlfn.TEXTSPLIT($N68,",")),0)))),0)/4,0)+P68,IF(IFERROR(MIN(_xlfn._xlws.FILTER(O$3:O$650,ISNUMBER(MATCH(TRIM($B$3:$B$650),TRIM(_xlfn.TEXTSPLIT($N68,",")),0)))),0)>=$E$1,IFERROR(MIN(_xlfn._xlws.FILTER(O$3:O$650,ISNUMBER(MATCH(TRIM($B$3:$B$650),TRIM(_xlfn.TEXTSPLIT($N68,",")),0)))),0)+P68,P68)),IF(TRIM($D68)="EA",IF(TRIM($E68)="M",ROUNDUP(O68*0.85,0),IF(TRIM($E68)="P",O68,P68)),P68))} -> 122 | T68: {=IFERROR(IF(D68="SET",_xlfn.TEXTJOIN(", ",TRUE,_xlfn._xlws.FILTER(TRANSPOSE(TRIM(_xlfn.TEXTSPLIT(N68,","))),COUNTIFS(B$3:B$650,TRANSPOSE(TRIM(_xlfn.TEXTSPLIT(N68,","))),O$3:O$650,"<="&$T$1))),""),"")}
A69: 6027 | B69: 06027 | C69: FRI | D69: EA | E69: P | F69: Y | H69: TreeSpirit™ 12" Angled Slotted Spatula | I69: =ISNUMBER(SEARCH($I$2,H69)) -> FALSE | J69: TreeSpirit™ | K69: Utensils | L69: Utensils | O69: 54 | P69: {=_xlfn.XLOOKUP(TRIM(B69),TRIM('[1]wc-product-export-16-3-2026-177'!$A:$A),'[1]wc-product-export-16-3-2026-177'!$D:$D,0,0)} -> 0 | Q69: {=IF(TRIM($D69)="SET",IF($K69="Steak Set1",ROUNDDOWN(IFERROR(MIN(_xlfn._xlws.FILTER(O$3:O$650,ISNUMBER(MATCH(TRIM($B$3:$B$650),TRIM(_xlfn.TEXTSPLIT($N69,",")),0)))),0)/4,0)+P69,IF(IFERROR(MIN(_xlfn._xlws.FILTER(O$3:O$650,ISNUMBER(MATCH(TRIM($B$3:$B$650),TRIM(_xlfn.TEXTSPLIT($N69,",")),0)))),0)>=$E$1,IFERROR(MIN(_xlfn._xlws.FILTER(O$3:O$650,ISNUMBER(MATCH(TRIM($B$3:$B$650),TRIM(_xlfn.TEXTSPLIT($N69,",")),0)))),0)+P69,P69)),IF(TRIM($D69)="EA",IF(TRIM($E69)="M",ROUNDUP(O69*0.85,0),IF(TRIM($E69)="P",O69,P69)),P69))} -> 54 | T69: {=IFERROR(IF(D69="SET",_xlfn.TEXTJOIN(", ",TRUE,_xlfn._xlws.FILTER(TRANSPOSE(TRIM(_xlfn.TEXTSPLIT(N69,","))),COUNTIFS(B$3:B$650,TRANSPOSE(TRIM(_xlfn.TEXTSPLIT(N69,","))),O$3:O$650,"<="&$T$1))),""),"")}
A70: 6206 | B70: 06206 | C70: FRI | D70: EA | E70: P | F70: Y | H70: TreeSpirit™ 6" Olive Fork with 2 Tines | I70: =ISNUMBER(SEARCH($I$2,H70)) -> FALSE | J70: TreeSpirit™ | K70: Utensils | L70: Utensils | O70: 99 | P70: {=_xlfn.XLOOKUP(TRIM(B70),TRIM('[1]wc-product-export-16-3-2026-177'!$A:$A),'[1]wc-product-export-16-3-2026-177'!$D:$D,0,0)} -> 0 | Q70: {=IF(TRIM($D70)="SET",IF($K70="Steak Set1",ROUNDDOWN(IFERROR(MIN(_xlfn._xlws.FILTER(O$3:O$650,ISNUMBER(MATCH(TRIM($B$3:$B$650),TRIM(_xlfn.TEXTSPLIT($N70,",")),0)))),0)/4,0)+P70,IF(IFERROR(MIN(_xlfn._xlws.FILTER(O$3:O$650,ISNUMBER(MATCH(TRIM($B$3:$B$650),TRIM(_xlfn.TEXTSPLIT($N70,",")),0)))),0)>=$E$1,IFERROR(MIN(_xlfn._xlws.FILTER(O$3:O$650,ISNUMBER(MATCH(TRIM($B$3:$B$650),TRIM(_xlfn.TEXTSPLIT($N70,",")),0)))),0)+P70,P70)),IF(TRIM($D70)="EA",IF(TRIM($E70)="M",ROUNDUP(O70*0.85,0),IF(TRIM($E70)="P",O70,P70)),P70))} -> 99 | T70: {=IFERROR(IF(D70="SET",_xlfn.TEXTJOIN(", ",TRUE,_xlfn._xlws.FILTER(TRANSPOSE(TRIM(_xlfn.TEXTSPLIT(N70,","))),COUNTIFS(B$3:B$650,TRANSPOSE(TRIM(_xlfn.TEXTSPLIT(N70,","))),O$3:O$650,"<="&$T$1))),""),"")}
A71: 6230 | B71: 06230 | C71: FRI | D71: EA | E71: P | F71: Y | H71: TreeSpirit™ 14" Heavy Duty Slotted Spoon | I71: =ISNUMBER(SEARCH($I$2,H71)) -> FALSE | J71: TreeSpirit™ | K71: Utensils | L71: Utensils | O71: 54 | P71: {=_xlfn.XLOOKUP(TRIM(B71),TRIM('[1]wc-product-export-16-3-2026-177'!$A:$A),'[1]wc-product-export-16-3-2026-177'!$D:$D,0,0)} -> 0 | Q71: {=IF(TRIM($D71)="SET",IF($K71="Steak Set1",ROUNDDOWN(IFERROR(MIN(_xlfn._xlws.FILTER(O$3:O$650,ISNUMBER(MATCH(TRIM($B$3:$B$650),TRIM(_xlfn.TEXTSPLIT($N71,",")),0)))),0)/4,0)+P71,IF(IFERROR(MIN(_xlfn._xlws.FILTER(O$3:O$650,ISNUMBER(MATCH(TRIM($B$3:$B$650),TRIM(_xlfn.TEXTSPLIT($N71,",")),0)))),0)>=$E$1,IFERROR(MIN(_xlfn._xlws.FILTER(O$3:O$650,ISNUMBER(MATCH(TRIM($B$3:$B$650),TRIM(_xlfn.TEXTSPLIT($N71,",")),0)))),0)+P71,P71)),IF(TRIM($D71)="EA",IF(TRIM($E71)="M",ROUNDUP(O71*0.85,0),IF(TRIM($E71)="P",O71,P71)),P71))} -> 54 | T71: {=IFERROR(IF(D71="SET",_xlfn.TEXTJOIN(", ",TRUE,_xlfn._xlws.FILTER(TRANSPOSE(TRIM(_xlfn.TEXTSPLIT(N71,","))),COUNTIFS(B$3:B$650,TRANSPOSE(TRIM(_xlfn.TEXTSPLIT(N71,","))),O$3:O$650,"<="&$T$1))),""),"")}
B72: 06242 | C72: FRI | D72: SET | E72: P | H72: 2-Piece 6″ Olive Fork and Spoon Set | I72: =ISNUMBER(SEARCH($I$2,H72)) -> FALSE | J72: TreeSpirit™ | L72: Utensils | N72: 06206,06208 | O72: 94 | P72: {=_xlfn.XLOOKUP(TRIM(B72),TRIM('[1]wc-product-export-16-3-2026-177'!$A:$A),'[1]wc-product-export-16-3-2026-177'!$D:$D,0,0)} -> 0 | Q72: {=IF(TRIM($D72)="SET",IF($K72="Steak Set1",ROUNDDOWN(IFERROR(MIN(_xlfn._xlws.FILTER(O$3:O$650,ISNUMBER(MATCH(TRIM($B$3:$B$650),TRIM(_xlfn.TEXTSPLIT($N72,",")),0)))),0)/4,0)+P72,IF(IFERROR(MIN(_xlfn._xlws.FILTER(O$3:O$650,ISNUMBER(MATCH(TRIM($B$3:$B$650),TRIM(_xlfn.TEXTSPLIT($N72,",")),0)))),0)>=$E$1,IFERROR(MIN(_xlfn._xlws.FILTER(O$3:O$650,ISNUMBER(MATCH(TRIM($B$3:$B$650),TRIM(_xlfn.TEXTSPLIT($N72,",")),0)))),0)+P72,P72)),IF(TRIM($D72)="EA",IF(TRIM($E72)="M",ROUNDUP(O72*0.85,0),IF(TRIM($E72)="P",O72,P72)),P72))} -> 96 | T72: {=IFERROR(IF(D72="SET",_xlfn.TEXTJOIN(", ",TRUE,_xlfn._xlws.FILTER(TRANSPOSE(TRIM(_xlfn.TEXTSPLIT(N72,","))),COUNTIFS(B$3:B$650,TRANSPOSE(TRIM(_xlfn.TEXTSPLIT(N72,","))),O$3:O$650,"<="&$T$1))),""),"")}
A73: 7466 | B73: 07466 | C73: FRI | D73: EA | E73: P | F73: Y | H73: Honeycomb 7″ x 7″ Silicone HotSpots™ - Pink | I73: =ISNUMBER(SEARCH($I$2,H73)) -> FALSE | J73: HotSpot™ | K73: Honeycomb | L73: Honeycomb | O73: N/A | P73: {=_xlfn.XLOOKUP(TRIM(B73),TRIM('[1]wc-product-export-16-3-2026-177'!$A:$A),'[1]wc-product-export-16-3-2026-177'!$D:$D,0,0)} -> 0 | Q73: {=IF(TRIM($D73)="SET",IF($K73="Steak Set1",ROUNDDOWN(IFERROR(MIN(_xlfn._xlws.FILTER(O$3:O$650,ISNUMBER(MATCH(TRIM($B$3:$B$650),TRIM(_xlfn.TEXTSPLIT($N73,",")),0)))),0)/4,0)+P73,IF(IFERROR(MIN(_xlfn._xlws.FILTER(O$3:O$650,ISNUMBER(MATCH(TRIM($B$3:$B$650),TRIM(_xlfn.TEXTSPLIT($N73,",")),0)))),0)>=$E$1,IFERROR(MIN(_xlfn._xlws.FILTER(O$3:O$650,ISNUMBER(MATCH(TRIM($B$3:$B$650),TRIM(_xlfn.TEXTSPLIT($N73,",")),0)))),0)+P73,P73)),IF(TRIM($D73)="EA",IF(TRIM($E73)="M",ROUNDUP(O73*0.85,0),IF(TRIM($E73)="P",O73,P73)),P73))} -> N/A | T73: {=IFERROR(IF(D73="SET",_xlfn.TEXTJOIN(", ",TRUE,_xlfn._xlws.FILTER(TRANSPOSE(TRIM(_xlfn.TEXTSPLIT(N73,","))),COUNTIFS(B$3:B$650,TRANSPOSE(TRIM(_xlfn.TEXTSPLIT(N73,","))),O$3:O$650,"<="&$T$1))),""),"")}
A74: 10111 | B74: 10111 | C74: FRI | D74: EA | E74: P | F74: Y | H74: 8" - KnifeSafe™ Blade Protector | I74: =ISNUMBER(SEARCH($I$2,H74)) -> FALSE | J74: KnifeSafe™ | K74: Blade Guard | L74: Blade Guard | O74: 0 | P74: {=_xlfn.XLOOKUP(TRIM(B74),TRIM('[1]wc-product-export-16-3-2026-177'!$A:$A),'[1]wc-product-export-16-3-2026-177'!$D:$D,0,0)} -> 0 | Q74: {=IF(TRIM($D74)="SET",IF($K74="Steak Set1",ROUNDDOWN(IFERROR(MIN(_xlfn._xlws.FILTER(O$3:O$650,ISNUMBER(MATCH(TRIM($B$3:$B$650),TRIM(_xlfn.TEXTSPLIT($N74,",")),0)))),0)/4,0)+P74,IF(IFERROR(MIN(_xlfn._xlws.FILTER(O$3:O$650,ISNUMBER(MATCH(TRIM($B$3:$B$650),TRIM(_xlfn.TEXTSPLIT($N74,",")),0)))),0)>=$E$1,IFERROR(MIN(_xlfn._xlws.FILTER(O$3:O$650,ISNUMBER(MATCH(TRIM($B$3:$B$650),TRIM(_xlfn.TEXTSPLIT($N74,",")),0)))),0)+P74,P74)),IF(TRIM($D74)="EA",IF(TRIM($E74)="M",ROUNDUP(O74*0.85,0),IF(TRIM($E74)="P",O74,P74)),P74))} -> 0 | T74: {=IFERROR(IF(D74="SET",_xlfn.TEXTJOIN(", ",TRUE,_xlfn._xlws.FILTER(TRANSPOSE(TRIM(_xlfn.TEXTSPLIT(N74,","))),COUNTIFS(B$3:B$650,TRANSPOSE(TRIM(_xlfn.TEXTSPLIT(N74,","))),O$3:O$650,"<="&$T$1))),""),"")}
A75: 33402 | B75: 33402 | C75: THU | D75: EA | E75: M | H75: 10" Granny Fork, 2-Tine, Walnut | I75: =ISNUMBER(SEARCH($I$2,H75)) -> FALSE | J75: Granny Tools | K75: Fork | L75: Granny Fork | O75: 137 | P75: {=_xlfn.XLOOKUP(TRIM(B75),TRIM('[1]wc-product-export-16-3-2026-177'!$A:$A),'[1]wc-product-export-16-3-2026-177'!$D:$D,0,0)} -> 0 | Q75: {=IF(TRIM($D75)="SET",IF($K75="Steak Set1",ROUNDDOWN(IFERROR(MIN(_xlfn._xlws.FILTER(O$3:O$650,ISNUMBER(MATCH(TRIM($B$3:$B$650),TRIM(_xlfn.TEXTSPLIT($N75,",")),0)))),0)/4,0)+P75,IF(IFERROR(MIN(_xlfn._xlws.FILTER(O$3:O$650,ISNUMBER(MATCH(TRIM($B$3:$B$650),TRIM(_xlfn.TEXTSPLIT($N75,",")),0)))),0)>=$E$1,IFERROR(MIN(_xlfn._xlws.FILTER(O$3:O$650,ISNUMBER(MATCH(TRIM($B$3:$B$650),TRIM(_xlfn.TEXTSPLIT($N75,",")),0)))),0)+P75,P75)),IF(TRIM($D75)="EA",IF(TRIM($E75)="M",ROUNDUP(O75*0.85,0),IF(TRIM($E75)="P",O75,P75)),P75))} -> 117 | T75: {=IFERROR(IF(D75="SET",_xlfn.TEXTJOIN(", ",TRUE,_xlfn._xlws.FILTER(TRANSPOSE(TRIM(_xlfn.TEXTSPLIT(N75,","))),COUNTIFS(B$3:B$650,TRANSPOSE(TRIM(_xlfn.TEXTSPLIT(N75,","))),O$3:O$650,"<="&$T$1))),""),"")}
A76: 33420 | B76: 33420 | C76: THU | D76: EA | E76: M | H76: 7" Granny Fork, 3-Tine, Walnut | I76: =ISNUMBER(SEARCH($I$2,H76)) -> FALSE | J76: Granny Tools | K76: Fork | L76: Granny Fork | O76: 0 | P76: {=_xlfn.XLOOKUP(TRIM(B76),TRIM('[1]wc-product-export-16-3-2026-177'!$A:$A),'[1]wc-product-export-16-3-2026-177'!$D:$D,0,0)} -> 0 | Q76: {=IF(TRIM($D76)="SET",IF($K76="Steak Set1",ROUNDDOWN(IFERROR(MIN(_xlfn._xlws.FILTER(O$3:O$650,ISNUMBER(MATCH(TRIM($B$3:$B$650),TRIM(_xlfn.TEXTSPLIT($N76,",")),0)))),0)/4,0)+P76,IF(IFERROR(MIN(_xlfn._xlws.FILTER(O$3:O$650,ISNUMBER(MATCH(TRIM($B$3:$B$650),TRIM(_xlfn.TEXTSPLIT($N76,",")),0)))),0)>=$E$1,IFERROR(MIN(_xlfn._xlws.FILTER(O$3:O$650,ISNUMBER(MATCH(TRIM($B$3:$B$650),TRIM(_xlfn.TEXTSPLIT($N76,",")),0)))),0)+P76,P76)),IF(TRIM($D76)="EA",IF(TRIM($E76)="M",ROUNDUP(O76*0.85,0),IF(TRIM($E76)="P",O76,P76)),P76))} -> 0 | T76: {=IFERROR(IF(D76="SET",_xlfn.TEXTJOIN(", ",TRUE,_xlfn._xlws.FILTER(TRANSPOSE(TRIM(_xlfn.TEXTSPLIT(N76,","))),COUNTIFS(B$3:B$650,TRANSPOSE(TRIM(_xlfn.TEXTSPLIT(N76,","))),O$3:O$650,"<="&$T$1))),""),"")}
A77: 33430 | B77: 33430 | C77: THU | D77: EA | E77: M | H77: 10" Granny Fork, 3-Tine, Walnut | I77: =ISNUMBER(SEARCH($I$2,H77)) -> FALSE | J77: Granny Tools | K77: Fork | L77: Granny Fork | O77: 496 | P77: {=_xlfn.XLOOKUP(TRIM(B77),TRIM('[1]wc-product-export-16-3-2026-177'!$A:$A),'[1]wc-product-export-16-3-2026-177'!$D:$D,0,0)} -> 0 | Q77: {=IF(TRIM($D77)="SET",IF($K77="Steak Set1",ROUNDDOWN(IFERROR(MIN(_xlfn._xlws.FILTER(O$3:O$650,ISNUMBER(MATCH(TRIM($B$3:$B$650),TRIM(_xlfn.TEXTSPLIT($N77,",")),0)))),0)/4,0)+P77,IF(IFERROR(MIN(_xlfn._xlws.FILTER(O$3:O$650,ISNUMBER(MATCH(TRIM($B$3:$B$650),TRIM(_xlfn.TEXTSPLIT($N77,",")),0)))),0)>=$E$1,IFERROR(MIN(_xlfn._xlws.FILTER(O$3:O$650,ISNUMBER(MATCH(TRIM($B$3:$B$650),TRIM(_xlfn.TEXTSPLIT($N77,",")),0)))),0)+P77,P77)),IF(TRIM($D77)="EA",IF(TRIM($E77)="M",ROUNDUP(O77*0.85,0),IF(TRIM($E77)="P",O77,P77)),P77))} -> 422 | T77: {=IFERROR(IF(D77="SET",_xlfn.TEXTJOIN(", ",TRUE,_xlfn._xlws.FILTER(TRANSPOSE(TRIM(_xlfn.TEXTSPLIT(N77,","))),COUNTIFS(B$3:B$650,TRANSPOSE(TRIM(_xlfn.TEXTSPLIT(N77,","))),O$3:O$650,"<="&$T$1))),""),"")}
A78: 33440 | B78: 33440 | C78: THU | D78: EA | E78: M | F78: Z | H78: 6" Grandma’s Mini Masher, Walnut | I78: =ISNUMBER(SEARCH($I$2,H78)) -> FALSE | J78: Granny Tools | K78: Masher | L78: Masher | O78: N/A | P78: {=_xlfn.XLOOKUP(TRIM(B78),TRIM('[1]wc-product-export-16-3-2026-177'!$A:$A),'[1]wc-product-export-16-3-2026-177'!$D:$D,0,0)} -> 0 | Q78: {=IF(TRIM($D78)="SET",IF($K78="Steak Set1",ROUNDDOWN(IFERROR(MIN(_xlfn._xlws.FILTER(O$3:O$650,ISNUMBER(MATCH(TRIM($B$3:$B$650),TRIM(_xlfn.TEXTSPLIT($N78,",")),0)))),0)/4,0)+P78,IF(IFERROR(MIN(_xlfn._xlws.FILTER(O$3:O$650,ISNUMBER(MATCH(TRIM($B$3:$B$650),TRIM(_xlfn.TEXTSPLIT($N78,",")),0)))),0)>=$E$1,IFERROR(MIN(_xlfn._xlws.FILTER(O$3:O$650,ISNUMBER(MATCH(TRIM($B$3:$B$650),TRIM(_xlfn.TEXTSPLIT($N78,",")),0)))),0)+P78,P78)),IF(TRIM($D78)="EA",IF(TRIM($E78)="M",ROUNDUP(O78*0.85,0),IF(TRIM($E78)="P",O78,P78)),P78))} -> #VALUE! | T78: {=IFERROR(IF(D78="SET",_xlfn.TEXTJOIN(", ",TRUE,_xlfn._xlws.FILTER(TRANSPOSE(TRIM(_xlfn.TEXTSPLIT(N78,","))),COUNTIFS(B$3:B$650,TRANSPOSE(TRIM(_xlfn.TEXTSPLIT(N78,","))),O$3:O$650,"<="&$T$1))),""),"")}
A79: 33570 | B79: 33570 | C79: THU | D79: EA | E79: M | H79: BBQ Premier Walnut Fork 20" | I79: =ISNUMBER(SEARCH($I$2,H79)) -> FALSE | J79: BBQ Premier | K79: BBQ | L79: BBQ | O79: 249 | P79: {=_xlfn.XLOOKUP(TRIM(B79),TRIM('[1]wc-product-export-16-3-2026-177'!$A:$A),'[1]wc-product-export-16-3-2026-177'!$D:$D,0,0)} -> 0 | Q79: {=IF(TRIM($D79)="SET",IF($K79="Steak Set1",ROUNDDOWN(IFERROR(MIN(_xlfn._xlws.FILTER(O$3:O$650,ISNUMBER(MATCH(TRIM($B$3:$B$650),TRIM(_xlfn.TEXTSPLIT($N79,",")),0)))),0)/4,0)+P79,IF(IFERROR(MIN(_xlfn._xlws.FILTER(O$3:O$650,ISNUMBER(MATCH(TRIM($B$3:$B$650),TRIM(_xlfn.TEXTSPLIT($N79,",")),0)))),0)>=$E$1,IFERROR(MIN(_xlfn._xlws.FILTER(O$3:O$650,ISNUMBER(MATCH(TRIM($B$3:$B$650),TRIM(_xlfn.TEXTSPLIT($N79,",")),0)))),0)+P79,P79)),IF(TRIM($D79)="EA",IF(TRIM($E79)="M",ROUNDUP(O79*0.85,0),IF(TRIM($E79)="P",O79,P79)),P79))} -> 212 | T79: {=IFERROR(IF(D79="SET",_xlfn.TEXTJOIN(", ",TRUE,_xlfn._xlws.FILTER(TRANSPOSE(TRIM(_xlfn.TEXTSPLIT(N79,","))),COUNTIFS(B$3:B$650,TRANSPOSE(TRIM(_xlfn.TEXTSPLIT(N79,","))),O$3:O$650,"<="&$T$1))),""),"")}
A80: 33571 | B80: 33571 | C80: THU | D80: EA | E80: M | H80: BBQ Premier Walnut Turner 20" | I80: =ISNUMBER(SEARCH($I$2,H80)) -> TRUE | J80: BBQ Premier | K80: BBQ | L80: BBQ | O80: 33 | P80: {=_xlfn.XLOOKUP(TRIM(B80),TRIM('[1]wc-product-export-16-3-2026-177'!$A:$A),'[1]wc-product-export-16-3-2026-177'!$D:$D,0,0)} -> 0 | Q80: {=IF(TRIM($D80)="SET",IF($K80="Steak Set1",ROUNDDOWN(IFERROR(MIN(_xlfn._xlws.FILTER(O$3:O$650,ISNUMBER(MATCH(TRIM($B$3:$B$650),TRIM(_xlfn.TEXTSPLIT($N80,",")),0)))),0)/4,0)+P80,IF(IFERROR(MIN(_xlfn._xlws.FILTER(O$3:O$650,ISNUMBER(MATCH(TRIM($B$3:$B$650),TRIM(_xlfn.TEXTSPLIT($N80,",")),0)))),0)>=$E$1,IFERROR(MIN(_xlfn._xlws.FILTER(O$3:O$650,ISNUMBER(MATCH(TRIM($B$3:$B$650),TRIM(_xlfn.TEXTSPLIT($N80,",")),0)))),0)+P80,P80)),IF(TRIM($D80)="EA",IF(TRIM($E80)="M",ROUNDUP(O80*0.85,0),IF(TRIM($E80)="P",O80,P80)),P80))} -> 29 | T80: {=IFERROR(IF(D80="SET",_xlfn.TEXTJOIN(", ",TRUE,_xlfn._xlws.FILTER(TRANSPOSE(TRIM(_xlfn.TEXTSPLIT(N80,","))),COUNTIFS(B$3:B$650,TRANSPOSE(TRIM(_xlfn.TEXTSPLIT(N80,","))),O$3:O$650,"<="&$T$1))),""),"")}
A81: 5045 | B81: 05045 | C81: FRI | D81: EA | E81: P | H81: TreeSpirit™ 2-Piece Salad Server Sets - Walnut 12" | I81: =ISNUMBER(SEARCH($I$2,H81)) -> FALSE | J81: TreeSpirit™ | K81: Server | L81: Server | O81: 7 | P81: {=_xlfn.XLOOKUP(TRIM(B81),TRIM('[1]wc-product-export-16-3-2026-177'!$A:$A),'[1]wc-product-export-16-3-2026-177'!$D:$D,0,0)} -> 0 | Q81: {=IF(TRIM($D81)="SET",IF($K81="Steak Set1",ROUNDDOWN(IFERROR(MIN(_xlfn._xlws.FILTER(O$3:O$650,ISNUMBER(MATCH(TRIM($B$3:$B$650),TRIM(_xlfn.TEXTSPLIT($N81,",")),0)))),0)/4,0)+P81,IF(IFERROR(MIN(_xlfn._xlws.FILTER(O$3:O$650,ISNUMBER(MATCH(TRIM($B$3:$B$650),TRIM(_xlfn.TEXTSPLIT($N81,",")),0)))),0)>=$E$1,IFERROR(MIN(_xlfn._xlws.FILTER(O$3:O$650,ISNUMBER(MATCH(TRIM($B$3:$B$650),TRIM(_xlfn.TEXTSPLIT($N81,",")),0)))),0)+P81,P81)),IF(TRIM($D81)="EA",IF(TRIM($E81)="M",ROUNDUP(O81*0.85,0),IF(TRIM($E81)="P",O81,P81)),P81))} -> 7 | T81: {=IFERROR(IF(D81="SET",_xlfn.TEXTJOIN(", ",TRUE,_xlfn._xlws.FILTER(TRANSPOSE(TRIM(_xlfn.TEXTSPLIT(N81,","))),COUNTIFS(B$3:B$650,TRANSPOSE(TRIM(_xlfn.TEXTSPLIT(N81,","))),O$3:O$650,"<="&$T$1))),""),"")}
A82: 33572 | B82: 33572 | C82: THU | D82: EA | E82: M | H82: BBQ Premier Walnut Tongs 20" | I82: =ISNUMBER(SEARCH($I$2,H82)) -> FALSE | J82: BBQ Premier | K82: BBQ | L82: BBQ | O82: 67 | P82: {=_xlfn.XLOOKUP(TRIM(B82),TRIM('[1]wc-product-export-16-3-2026-177'!$A:$A),'[1]wc-product-export-16-3-2026-177'!$D:$D,0,0)} -> 0 | Q82: {=IF(TRIM($D82)="SET",IF($K82="Steak Set1",ROUNDDOWN(IFERROR(MIN(_xlfn._xlws.FILTER(O$3:O$650,ISNUMBER(MATCH(TRIM($B$3:$B$650),TRIM(_xlfn.TEXTSPLIT($N82,",")),0)))),0)/4,0)+P82,IF(IFERROR(MIN(_xlfn._xlws.FILTER(O$3:O$650,ISNUMBER(MATCH(TRIM($B$3:$B$650),TRIM(_xlfn.TEXTSPLIT($N82,",")),0)))),0)>=$E$1,IFERROR(MIN(_xlfn._xlws.FILTER(O$3:O$650,ISNUMBER(MATCH(TRIM($B$3:$B$650),TRIM(_xlfn.TEXTSPLIT($N82,",")),0)))),0)+P82,P82)),IF(TRIM($D82)="EA",IF(TRIM($E82)="M",ROUNDUP(O82*0.85,0),IF(TRIM($E82)="P",O82,P82)),P82))} -> 57 | T82: {=IFERROR(IF(D82="SET",_xlfn.TEXTJOIN(", ",TRUE,_xlfn._xlws.FILTER(TRANSPOSE(TRIM(_xlfn.TEXTSPLIT(N82,","))),COUNTIFS(B$3:B$650,TRANSPOSE(TRIM(_xlfn.TEXTSPLIT(N82,","))),O$3:O$650,"<="&$T$1))),""),"")}
A83: 33573 | B83: 33573 | C83: THU | D83: SET | E83: M | H83: BBQ Premier 3-Pc Set 20" (Fork, Turner, Tongs, carrying bag) | I83: =ISNUMBER(SEARCH($I$2,H83)) -> TRUE | J83: BBQ Premier | K83: BBQ Set | L83: BBQ Set | N83: 33570,33571,33572 | O83: 41 | P83: {=_xlfn.XLOOKUP(TRIM(B83),TRIM('[1]wc-product-export-16-3-2026-177'!$A:$A),'[1]wc-product-export-16-3-2026-177'!$D:$D,0,0)} -> 11 | Q83: {=IF(TRIM($D83)="SET",IF($K83="Steak Set1",ROUNDDOWN(IFERROR(MIN(_xlfn._xlws.FILTER(O$3:O$650,ISNUMBER(MATCH(TRIM($B$3:$B$650),TRIM(_xlfn.TEXTSPLIT($N83,",")),0)))),0)/4,0)+P83,IF(IFERROR(MIN(_xlfn._xlws.FILTER(O$3:O$650,ISNUMBER(MATCH(TRIM($B$3:$B$650),TRIM(_xlfn.TEXTSPLIT($N83,",")),0)))),0)>=$E$1,IFERROR(MIN(_xlfn._xlws.FILTER(O$3:O$650,ISNUMBER(MATCH(TRIM($B$3:$B$650),TRIM(_xlfn.TEXTSPLIT($N83,",")),0)))),0)+P83,P83)),IF(TRIM($D83)="EA",IF(TRIM($E83)="M",ROUNDUP(O83*0.85,0),IF(TRIM($E83)="P",O83,P83)),P83))} -> 44 | T83: {=IFERROR(IF(D83="SET",_xlfn.TEXTJOIN(", ",TRUE,_xlfn._xlws.FILTER(TRANSPOSE(TRIM(_xlfn.TEXTSPLIT(N83,","))),COUNTIFS(B$3:B$650,TRANSPOSE(TRIM(_xlfn.TEXTSPLIT(N83,","))),O$3:O$650,"<="&$T$1))),""),"")}
A84: 5049 | B84: 05049 | C84: FRI | D84: EA | E84: P | H84: TreeSpirit™ 2-Piece Salad Server Sets - Cherry 14" | I84: =ISNUMBER(SEARCH($I$2,H84)) -> FALSE | J84: TreeSpirit™ | K84: Server | L84: Server | O84: 5 | P84: {=_xlfn.XLOOKUP(TRIM(B84),TRIM('[1]wc-product-export-16-3-2026-177'!$A:$A),'[1]wc-product-export-16-3-2026-177'!$D:$D,0,0)} -> 0 | Q84: {=IF(TRIM($D84)="SET",IF($K84="Steak Set1",ROUNDDOWN(IFERROR(MIN(_xlfn._xlws.FILTER(O$3:O$650,ISNUMBER(MATCH(TRIM($B$3:$B$650),TRIM(_xlfn.TEXTSPLIT($N84,",")),0)))),0)/4,0)+P84,IF(IFERROR(MIN(_xlfn._xlws.FILTER(O$3:O$650,ISNUMBER(MATCH(TRIM($B$3:$B$650),TRIM(_xlfn.TEXTSPLIT($N84,",")),0)))),0)>=$E$1,IFERROR(MIN(_xlfn._xlws.FILTER(O$3:O$650,ISNUMBER(MATCH(TRIM($B$3:$B$650),TRIM(_xlfn.TEXTSPLIT($N84,",")),0)))),0)+P84,P84)),IF(TRIM($D84)="EA",IF(TRIM($E84)="M",ROUNDUP(O84*0.85,0),IF(TRIM($E84)="P",O84,P84)),P84))} -> 5 | T84: {=IFERROR(IF(D84="SET",_xlfn.TEXTJOIN(", ",TRUE,_xlfn._xlws.FILTER(TRANSPOSE(TRIM(_xlfn.TEXTSPLIT(N84,","))),COUNTIFS(B$3:B$650,TRANSPOSE(TRIM(_xlfn.TEXTSPLIT(N84,","))),O$3:O$650,"<="&$T$1))),""),"")}
A85: 33574 | B85: 33574 | C85: THU | D85: SET | E85: M | H85: BBQ Premier 4-Pc Set 20" (Fork, Turner, Tongs, Slotted Turner, carrying bag) | I85: =ISNUMBER(SEARCH($I$2,H85)) -> TRUE | J85: BBQ Premier | K85: BBQ Set | L85: BBQ Set | N85: 33570,33571,33572,33579 | O85: 35 | P85: {=_xlfn.XLOOKUP(TRIM(B85),TRIM('[1]wc-product-export-16-3-2026-177'!$A:$A),'[1]wc-product-export-16-3-2026-177'!$D:$D,0,0)} -> 5 | Q85: {=IF(TRIM($D85)="SET",IF($K85="Steak Set1",ROUNDDOWN(IFERROR(MIN(_xlfn._xlws.FILTER(O$3:O$650,ISNUMBER(MATCH(TRIM($B$3:$B$650),TRIM(_xlfn.TEXTSPLIT($N85,",")),0)))),0)/4,0)+P85,IF(IFERROR(MIN(_xlfn._xlws.FILTER(O$3:O$650,ISNUMBER(MATCH(TRIM($B$3:$B$650),TRIM(_xlfn.TEXTSPLIT($N85,",")),0)))),0)>=$E$1,IFERROR(MIN(_xlfn._xlws.FILTER(O$3:O$650,ISNUMBER(MATCH(TRIM($B$3:$B$650),TRIM(_xlfn.TEXTSPLIT($N85,",")),0)))),0)+P85,P85)),IF(TRIM($D85)="EA",IF(TRIM($E85)="M",ROUNDUP(O85*0.85,0),IF(TRIM($E85)="P",O85,P85)),P85))} -> 31 | T85: {=IFERROR(IF(D85="SET",_xlfn.TEXTJOIN(", ",TRUE,_xlfn._xlws.FILTER(TRANSPOSE(TRIM(_xlfn.TEXTSPLIT(N85,","))),COUNTIFS(B$3:B$650,TRANSPOSE(TRIM(_xlfn.TEXTSPLIT(N85,","))),O$3:O$650,"<="&$T$1))),""),"")}
A86: 33575 | B86: 33575 | C86: THU | D86: EA | E86: M | H86: Premier 20" Heavy Duty Walnut BBQ Knife | I86: =ISNUMBER(SEARCH($I$2,H86)) -> FALSE | J86: BBQ Premier | K86: BBQ | L86: BBQ | O86: 48 | P86: {=_xlfn.XLOOKUP(TRIM(B86),TRIM('[1]wc-product-export-16-3-2026-177'!$A:$A),'[1]wc-product-export-16-3-2026-177'!$D:$D,0,0)} -> 0 | Q86: {=IF(TRIM($D86)="SET",IF($K86="Steak Set1",ROUNDDOWN(IFERROR(MIN(_xlfn._xlws.FILTER(O$3:O$650,ISNUMBER(MATCH(TRIM($B$3:$B$650),TRIM(_xlfn.TEXTSPLIT($N86,",")),0)))),0)/4,0)+P86,IF(IFERROR(MIN(_xlfn._xlws.FILTER(O$3:O$650,ISNUMBER(MATCH(TRIM($B$3:$B$650),TRIM(_xlfn.TEXTSPLIT($N86,",")),0)))),0)>=$E$1,IFERROR(MIN(_xlfn._xlws.FILTER(O$3:O$650,ISNUMBER(MATCH(TRIM($B$3:$B$650),TRIM(_xlfn.TEXTSPLIT($N86,",")),0)))),0)+P86,P86)),IF(TRIM($D86)="EA",IF(TRIM($E86)="M",ROUNDUP(O86*0.85,0),IF(TRIM($E86)="P",O86,P86)),P86))} -> 41 | T86: {=IFERROR(IF(D86="SET",_xlfn.TEXTJOIN(", ",TRUE,_xlfn._xlws.FILTER(TRANSPOSE(TRIM(_xlfn.TEXTSPLIT(N86,","))),COUNTIFS(B$3:B$650,TRANSPOSE(TRIM(_xlfn.TEXTSPLIT(N86,","))),O$3:O$650,"<="&$T$1))),""),"")}
A87: 33576 | B87: 33576 | C87: THU | D87: SET | E87: M | H87: Premier 20" Walnut Heavy-Duty 4-Piece Deluxe BBQ Set NOW WITH KNIFE | I87: =ISNUMBER(SEARCH($I$2,H87)) -> FALSE | J87: BBQ Premier | K87: BBQ Set | L87: BBQ Set | N87: 33570,33571,33572,33575 | O87: 38 | P87: {=_xlfn.XLOOKUP(TRIM(B87),TRIM('[1]wc-product-export-16-3-2026-177'!$A:$A),'[1]wc-product-export-16-3-2026-177'!$D:$D,0,0)} -> 8 | Q87: {=IF(TRIM($D87)="SET",IF($K87="Steak Set1",ROUNDDOWN(IFERROR(MIN(_xlfn._xlws.FILTER(O$3:O$650,ISNUMBER(MATCH(TRIM($B$3:$B$650),TRIM(_xlfn.TEXTSPLIT($N87,",")),0)))),0)/4,0)+P87,IF(IFERROR(MIN(_xlfn._xlws.FILTER(O$3:O$650,ISNUMBER(MATCH(TRIM($B$3:$B$650),TRIM(_xlfn.TEXTSPLIT($N87,",")),0)))),0)>=$E$1,IFERROR(MIN(_xlfn._xlws.FILTER(O$3:O$650,ISNUMBER(MATCH(TRIM($B$3:$B$650),TRIM(_xlfn.TEXTSPLIT($N87,",")),0)))),0)+P87,P87)),IF(TRIM($D87)="EA",IF(TRIM($E87)="M",ROUNDUP(O87*0.85,0),IF(TRIM($E87)="P",O87,P87)),P87))} -> 41 | T87: {=IFERROR(IF(D87="SET",_xlfn.TEXTJOIN(", ",TRUE,_xlfn._xlws.FILTER(TRANSPOSE(TRIM(_xlfn.TEXTSPLIT(N87,","))),COUNTIFS(B$3:B$650,TRANSPOSE(TRIM(_xlfn.TEXTSPLIT(N87,","))),O$3:O$650,"<="&$T$1))),""),"")}
A88: 33579 | B88: 33579 | C88: THU | D88: EA | E88: M | H88: BBQ Premier Walnut Fish Turner 20" | I88: =ISNUMBER(SEARCH($I$2,H88)) -> TRUE | J88: BBQ Premier | K88: BBQ | L88: BBQ | O88: 26 | P88: {=_xlfn.XLOOKUP(TRIM(B88),TRIM('[1]wc-product-export-16-3-2026-177'!$A:$A),'[1]wc-product-export-16-3-2026-177'!$D:$D,0,0)} -> 0 | Q88: {=IF(TRIM($D88)="SET",IF($K88="Steak Set1",ROUNDDOWN(IFERROR(MIN(_xlfn._xlws.FILTER(O$3:O$650,ISNUMBER(MATCH(TRIM($B$3:$B$650),TRIM(_xlfn.TEXTSPLIT($N88,",")),0)))),0)/4,0)+P88,IF(IFERROR(MIN(_xlfn._xlws.FILTER(O$3:O$650,ISNUMBER(MATCH(TRIM($B$3:$B$650),TRIM(_xlfn.TEXTSPLIT($N88,",")),0)))),0)>=$E$1,IFERROR(MIN(_xlfn._xlws.FILTER(O$3:O$650,ISNUMBER(MATCH(TRIM($B$3:$B$650),TRIM(_xlfn.TEXTSPLIT($N88,",")),0)))),0)+P88,P88)),IF(TRIM($D88)="EA",IF(TRIM($E88)="M",ROUNDUP(O88*0.85,0),IF(TRIM($E88)="P",O88,P88)),P88))} -> 23 | T88: {=IFERROR(IF(D88="SET",_xlfn.TEXTJOIN(", ",TRUE,_xlfn._xlws.FILTER(TRANSPOSE(TRIM(_xlfn.TEXTSPLIT(N88,","))),COUNTIFS(B$3:B$650,TRANSPOSE(TRIM(_xlfn.TEXTSPLIT(N88,","))),O$3:O$650,"<="&$T$1))),""),"")}
A89: 33600 | B89: 33600 | C89: THU | D89: SET | E89: M | F89: X | H89: 8" Chinese Santoku Cleaver, Walnut, W/Care Kit, (33658, 05050, 05099, 52818) Set | I89: =ISNUMBER(SEARCH($I$2,H89)) -> FALSE | J89: Walnut Kitchen Tools | K89: Cleaver Set | L89: Santoku Set | N89: 33658,05050,05099,52818 | O89: N/A | P89: {=_xlfn.XLOOKUP(TRIM(B89),TRIM('[1]wc-product-export-16-3-2026-177'!$A:$A),'[1]wc-product-export-16-3-2026-177'!$D:$D,0,0)} -> 0 | Q89: {=IF(TRIM($D89)="SET",IF($K89="Steak Set1",ROUNDDOWN(IFERROR(MIN(_xlfn._xlws.FILTER(O$3:O$650,ISNUMBER(MATCH(TRIM($B$3:$B$650),TRIM(_xlfn.TEXTSPLIT($N89,",")),0)))),0)/4,0)+P89,IF(IFERROR(MIN(_xlfn._xlws.FILTER(O$3:O$650,ISNUMBER(MATCH(TRIM($B$3:$B$650),TRIM(_xlfn.TEXTSPLIT($N89,",")),0)))),0)>=$E$1,IFERROR(MIN(_xlfn._xlws.FILTER(O$3:O$650,ISNUMBER(MATCH(TRIM($B$3:$B$650),TRIM(_xlfn.TEXTSPLIT($N89,",")),0)))),0)+P89,P89)),IF(TRIM($D89)="EA",IF(TRIM($E89)="M",ROUNDUP(O89*0.85,0),IF(TRIM($E89)="P",O89,P89)),P89))} -> 3 | T89: {=IFERROR(IF(D89="SET",_xlfn.TEXTJOIN(", ",TRUE,_xlfn._xlws.FILTER(TRANSPOSE(TRIM(_xlfn.TEXTSPLIT(N89,","))),COUNTIFS(B$3:B$650,TRANSPOSE(TRIM(_xlfn.TEXTSPLIT(N89,","))),O$3:O$650,"<="&$T$1))),""),"")} -> 33658
A90: 33658 | B90: 33658 | C90: THU | D90: EA | E90: M | H90: 8" Chinese Santoku Cleaver, Walnut | I90: =ISNUMBER(SEARCH($I$2,H90)) -> FALSE | J90: Walnut Kitchen Tools | K90: Cleaver | L90: Santoku Cleaver | O90: 3 | P90: {=_xlfn.XLOOKUP(TRIM(B90),TRIM('[1]wc-product-export-16-3-2026-177'!$A:$A),'[1]wc-product-export-16-3-2026-177'!$D:$D,0,0)} -> 0 | Q90: {=IF(TRIM($D90)="SET",IF($K90="Steak Set1",ROUNDDOWN(IFERROR(MIN(_xlfn._xlws.FILTER(O$3:O$650,ISNUMBER(MATCH(TRIM($B$3:$B$650),TRIM(_xlfn.TEXTSPLIT($N90,",")),0)))),0)/4,0)+P90,IF(IFERROR(MIN(_xlfn._xlws.FILTER(O$3:O$650,ISNUMBER(MATCH(TRIM($B$3:$B$650),TRIM(_xlfn.TEXTSPLIT($N90,",")),0)))),0)>=$E$1,IFERROR(MIN(_xlfn._xlws.FILTER(O$3:O$650,ISNUMBER(MATCH(TRIM($B$3:$B$650),TRIM(_xlfn.TEXTSPLIT($N90,",")),0)))),0)+P90,P90)),IF(TRIM($D90)="EA",IF(TRIM($E90)="M",ROUNDUP(O90*0.85,0),IF(TRIM($E90)="P",O90,P90)),P90))} -> 3 | T90: {=IFERROR(IF(D90="SET",_xlfn.TEXTJOIN(", ",TRUE,_xlfn._xlws.FILTER(TRANSPOSE(TRIM(_xlfn.TEXTSPLIT(N90,","))),COUNTIFS(B$3:B$650,TRANSPOSE(TRIM(_xlfn.TEXTSPLIT(N90,","))),O$3:O$650,"<="&$T$1))),""),"")}
A91: 33670 | B91: 33670 | C91: THU | D91: EA | E91: M | H91: BBQ Tail-gater™ Walnut Fork 15" | I91: =ISNUMBER(SEARCH($I$2,H91)) -> FALSE | J91: BBQ Tail-gater™ | K91: BBQ | L91: BBQ | O91: 192 | P91: {=_xlfn.XLOOKUP(TRIM(B91),TRIM('[1]wc-product-export-16-3-2026-177'!$A:$A),'[1]wc-product-export-16-3-2026-177'!$D:$D,0,0)} -> 0 | Q91: {=IF(TRIM($D91)="SET",IF($K91="Steak Set1",ROUNDDOWN(IFERROR(MIN(_xlfn._xlws.FILTER(O$3:O$650,ISNUMBER(MATCH(TRIM($B$3:$B$650),TRIM(_xlfn.TEXTSPLIT($N91,",")),0)))),0)/4,0)+P91,IF(IFERROR(MIN(_xlfn._xlws.FILTER(O$3:O$650,ISNUMBER(MATCH(TRIM($B$3:$B$650),TRIM(_xlfn.TEXTSPLIT($N91,",")),0)))),0)>=$E$1,IFERROR(MIN(_xlfn._xlws.FILTER(O$3:O$650,ISNUMBER(MATCH(TRIM($B$3:$B$650),TRIM(_xlfn.TEXTSPLIT($N91,",")),0)))),0)+P91,P91)),IF(TRIM($D91)="EA",IF(TRIM($E91)="M",ROUNDUP(O91*0.85,0),IF(TRIM($E91)="P",O91,P91)),P91))} -> 164 | T91: {=IFERROR(IF(D91="SET",_xlfn.TEXTJOIN(", ",TRUE,_xlfn._xlws.FILTER(TRANSPOSE(TRIM(_xlfn.TEXTSPLIT(N91,","))),COUNTIFS(B$3:B$650,TRANSPOSE(TRIM(_xlfn.TEXTSPLIT(N91,","))),O$3:O$650,"<="&$T$1))),""),"")}
A92: 33671 | B92: 33671 | C92: THU | D92: EA | E92: M | H92: BBQ Tail-gater™ Walnut Turner 15" | I92: =ISNUMBER(SEARCH($I$2,H92)) -> TRUE | J92: BBQ Tail-gater™ | K92: BBQ | L92: BBQ | O92: 58 | P92: {=_xlfn.XLOOKUP(TRIM(B92),TRIM('[1]wc-product-export-16-3-2026-177'!$A:$A),'[1]wc-product-export-16-3-2026-177'!$D:$D,0,0)} -> 0 | Q92: {=IF(TRIM($D92)="SET",IF($K92="Steak Set1",ROUNDDOWN(IFERROR(MIN(_xlfn._xlws.FILTER(O$3:O$650,ISNUMBER(MATCH(TRIM($B$3:$B$650),TRIM(_xlfn.TEXTSPLIT($N92,",")),0)))),0)/4,0)+P92,IF(IFERROR(MIN(_xlfn._xlws.FILTER(O$3:O$650,ISNUMBER(MATCH(TRIM($B$3:$B$650),TRIM(_xlfn.TEXTSPLIT($N92,",")),0)))),0)>=$E$1,IFERROR(MIN(_xlfn._xlws.FILTER(O$3:O$650,ISNUMBER(MATCH(TRIM($B$3:$B$650),TRIM(_xlfn.TEXTSPLIT($N92,",")),0)))),0)+P92,P92)),IF(TRIM($D92)="EA",IF(TRIM($E92)="M",ROUNDUP(O92*0.85,0),IF(TRIM($E92)="P",O92,P92)),P92))} -> 50 | T92: {=IFERROR(IF(D92="SET",_xlfn.TEXTJOIN(", ",TRUE,_xlfn._xlws.FILTER(TRANSPOSE(TRIM(_xlfn.TEXTSPLIT(N92,","))),COUNTIFS(B$3:B$650,TRANSPOSE(TRIM(_xlfn.TEXTSPLIT(N92,","))),O$3:O$650,"<="&$T$1))),""),"")}
A93: 7011 | B93: 07011 | C93: FRI | D93: EA | E93: P | H93: The Original Silicone HotSpot - 7″ x 7″ - Clear | I93: =ISNUMBER(SEARCH($I$2,H93)) -> FALSE | J93: HotSpot™ | K93: Original HotSpot | L93: Original HotSpot | O93: N/A | P93: {=_xlfn.XLOOKUP(TRIM(B93),TRIM('[1]wc-product-export-16-3-2026-177'!$A:$A),'[1]wc-product-export-16-3-2026-177'!$D:$D,0,0)} -> 0 | Q93: {=IF(TRIM($D93)="SET",IF($K93="Steak Set1",ROUNDDOWN(IFERROR(MIN(_xlfn._xlws.FILTER(O$3:O$650,ISNUMBER(MATCH(TRIM($B$3:$B$650),TRIM(_xlfn.TEXTSPLIT($N93,",")),0)))),0)/4,0)+P93,IF(IFERROR(MIN(_xlfn._xlws.FILTER(O$3:O$650,ISNUMBER(MATCH(TRIM($B$3:$B$650),TRIM(_xlfn.TEXTSPLIT($N93,",")),0)))),0)>=$E$1,IFERROR(MIN(_xlfn._xlws.FILTER(O$3:O$650,ISNUMBER(MATCH(TRIM($B$3:$B$650),TRIM(_xlfn.TEXTSPLIT($N93,",")),0)))),0)+P93,P93)),IF(TRIM($D93)="EA",IF(TRIM($E93)="M",ROUNDUP(O93*0.85,0),IF(TRIM($E93)="P",O93,P93)),P93))} -> N/A | T93: {=IFERROR(IF(D93="SET",_xlfn.TEXTJOIN(", ",TRUE,_xlfn._xlws.FILTER(TRANSPOSE(TRIM(_xlfn.TEXTSPLIT(N93,","))),COUNTIFS(B$3:B$650,TRANSPOSE(TRIM(_xlfn.TEXTSPLIT(N93,","))),O$3:O$650,"<="&$T$1))),""),"")}
A94: 33672 | B94: 33672 | C94: THU | D94: EA | E94: M | H94: BBQ Tail-gater™ Walnut Tongs 15" | I94: =ISNUMBER(SEARCH($I$2,H94)) -> FALSE | J94: BBQ Tail-gater™ | K94: BBQ | L94: BBQ | O94: 26 | P94: {=_xlfn.XLOOKUP(TRIM(B94),TRIM('[1]wc-product-export-16-3-2026-177'!$A:$A),'[1]wc-product-export-16-3-2026-177'!$D:$D,0,0)} -> 0 | Q94: {=IF(TRIM($D94)="SET",IF($K94="Steak Set1",ROUNDDOWN(IFERROR(MIN(_xlfn._xlws.FILTER(O$3:O$650,ISNUMBER(MATCH(TRIM($B$3:$B$650),TRIM(_xlfn.TEXTSPLIT($N94,",")),0)))),0)/4,0)+P94,IF(IFERROR(MIN(_xlfn._xlws.FILTER(O$3:O$650,ISNUMBER(MATCH(TRIM($B$3:$B$650),TRIM(_xlfn.TEXTSPLIT($N94,",")),0)))),0)>=$E$1,IFERROR(MIN(_xlfn._xlws.FILTER(O$3:O$650,ISNUMBER(MATCH(TRIM($B$3:$B$650),TRIM(_xlfn.TEXTSPLIT($N94,",")),0)))),0)+P94,P94)),IF(TRIM($D94)="EA",IF(TRIM($E94)="M",ROUNDUP(O94*0.85,0),IF(TRIM($E94)="P",O94,P94)),P94))} -> 23 | T94: {=IFERROR(IF(D94="SET",_xlfn.TEXTJOIN(", ",TRUE,_xlfn._xlws.FILTER(TRANSPOSE(TRIM(_xlfn.TEXTSPLIT(N94,","))),COUNTIFS(B$3:B$650,TRANSPOSE(TRIM(_xlfn.TEXTSPLIT(N94,","))),O$3:O$650,"<="&$T$1))),""),"")}
A95: 33673 | B95: 33673 | C95: THU | D95: SET | E95: M | H95: BBQ Tail-gater™ 3-Pc Set (Fork, Turner, Tongs, Bag) | I95: =ISNUMBER(SEARCH($I$2,H95)) -> TRUE | J95: BBQ Tail-gater™ | K95: BBQ Set | L95: BBQ Set | N95: 33670,33671,33672 | O95: 34 | P95: {=_xlfn.XLOOKUP(TRIM(B95),TRIM('[1]wc-product-export-16-3-2026-177'!$A:$A),'[1]wc-product-export-16-3-2026-177'!$D:$D,0,0)} -> 9 | Q95: {=IF(TRIM($D95)="SET",IF($K95="Steak Set1",ROUNDDOWN(IFERROR(MIN(_xlfn._xlws.FILTER(O$3:O$650,ISNUMBER(MATCH(TRIM($B$3:$B$650),TRIM(_xlfn.TEXTSPLIT($N95,",")),0)))),0)/4,0)+P95,IF(IFERROR(MIN(_xlfn._xlws.FILTER(O$3:O$650,ISNUMBER(MATCH(TRIM($B$3:$B$650),TRIM(_xlfn.TEXTSPLIT($N95,",")),0)))),0)>=$E$1,IFERROR(MIN(_xlfn._xlws.FILTER(O$3:O$650,ISNUMBER(MATCH(TRIM($B$3:$B$650),TRIM(_xlfn.TEXTSPLIT($N95,",")),0)))),0)+P95,P95)),IF(TRIM($D95)="EA",IF(TRIM($E95)="M",ROUNDUP(O95*0.85,0),IF(TRIM($E95)="P",O95,P95)),P95))} -> 35 | T95: {=IFERROR(IF(D95="SET",_xlfn.TEXTJOIN(", ",TRUE,_xlfn._xlws.FILTER(TRANSPOSE(TRIM(_xlfn.TEXTSPLIT(N95,","))),COUNTIFS(B$3:B$650,TRANSPOSE(TRIM(_xlfn.TEXTSPLIT(N95,","))),O$3:O$650,"<="&$T$1))),""),"")}
A96: 33674 | B96: 33674 | C96: THU | D96: SET | E96: M | H96: BBQ Tail-gater™ 4-Pc Set (Fork, Turner, Tongs, Knife, Bag) | I96: =ISNUMBER(SEARCH($I$2,H96)) -> TRUE | J96: BBQ Tail-gater™ | K96: BBQ Set | L96: BBQ Set | N96: 33670,33671,33672,33675 | O96: 36 | P96: {=_xlfn.XLOOKUP(TRIM(B96),TRIM('[1]wc-product-export-16-3-2026-177'!$A:$A),'[1]wc-product-export-16-3-2026-177'!$D:$D,0,0)} -> 11 | Q96: {=IF(TRIM($D96)="SET",IF($K96="Steak Set1",ROUNDDOWN(IFERROR(MIN(_xlfn._xlws.FILTER(O$3:O$650,ISNUMBER(MATCH(TRIM($B$3:$B$650),TRIM(_xlfn.TEXTSPLIT($N96,",")),0)))),0)/4,0)+P96,IF(IFERROR(MIN(_xlfn._xlws.FILTER(O$3:O$650,ISNUMBER(MATCH(TRIM($B$3:$B$650),TRIM(_xlfn.TEXTSPLIT($N96,",")),0)))),0)>=$E$1,IFERROR(MIN(_xlfn._xlws.FILTER(O$3:O$650,ISNUMBER(MATCH(TRIM($B$3:$B$650),TRIM(_xlfn.TEXTSPLIT($N96,",")),0)))),0)+P96,P96)),IF(TRIM($D96)="EA",IF(TRIM($E96)="M",ROUNDUP(O96*0.85,0),IF(TRIM($E96)="P",O96,P96)),P96))} -> 37 | T96: {=IFERROR(IF(D96="SET",_xlfn.TEXTJOIN(", ",TRUE,_xlfn._xlws.FILTER(TRANSPOSE(TRIM(_xlfn.TEXTSPLIT(N96,","))),COUNTIFS(B$3:B$650,TRANSPOSE(TRIM(_xlfn.TEXTSPLIT(N96,","))),O$3:O$650,"<="&$T$1))),""),"")}
A97: 5097 | B97: 05097 | C97: FRI | D97: EA | E97: P | H97: TreeSpirit™ Mineral Oil 12 oz bottle | I97: =ISNUMBER(SEARCH($I$2,H97)) -> FALSE | J97: TreeSpirit™ | K97: Protection | L97: Protection | O97: 27 | P97: {=_xlfn.XLOOKUP(TRIM(B97),TRIM('[1]wc-product-export-16-3-2026-177'!$A:$A),'[1]wc-product-export-16-3-2026-177'!$D:$D,0,0)} -> 0 | Q97: {=IF(TRIM($D97)="SET",IF($K97="Steak Set1",ROUNDDOWN(IFERROR(MIN(_xlfn._xlws.FILTER(O$3:O$650,ISNUMBER(MATCH(TRIM($B$3:$B$650),TRIM(_xlfn.TEXTSPLIT($N97,",")),0)))),0)/4,0)+P97,IF(IFERROR(MIN(_xlfn._xlws.FILTER(O$3:O$650,ISNUMBER(MATCH(TRIM($B$3:$B$650),TRIM(_xlfn.TEXTSPLIT($N97,",")),0)))),0)>=$E$1,IFERROR(MIN(_xlfn._xlws.FILTER(O$3:O$650,ISNUMBER(MATCH(TRIM($B$3:$B$650),TRIM(_xlfn.TEXTSPLIT($N97,",")),0)))),0)+P97,P97)),IF(TRIM($D97)="EA",IF(TRIM($E97)="M",ROUNDUP(O97*0.85,0),IF(TRIM($E97)="P",O97,P97)),P97))} -> 27 | T97: {=IFERROR(IF(D97="SET",_xlfn.TEXTJOIN(", ",TRUE,_xlfn._xlws.FILTER(TRANSPOSE(TRIM(_xlfn.TEXTSPLIT(N97,","))),COUNTIFS(B$3:B$650,TRANSPOSE(TRIM(_xlfn.TEXTSPLIT(N97,","))),O$3:O$650,"<="&$T$1))),""),"")}
A98: 5099 | B98: 05099 | C98: FRI | D98: EA | E98: P | F98: Y | H98: TreeSpirit™ Mineral Oil 8 oz bottle | I98: =ISNUMBER(SEARCH($I$2,H98)) -> FALSE | J98: TreeSpirit™ | K98: Protection | L98: Protection | O98: N/A | P98: {=_xlfn.XLOOKUP(TRIM(B98),TRIM('[1]wc-product-export-16-3-2026-177'!$A:$A),'[1]wc-product-export-16-3-2026-177'!$D:$D,0,0)} -> 0 | Q98: {=IF(TRIM($D98)="SET",IF($K98="Steak Set1",ROUNDDOWN(IFERROR(MIN(_xlfn._xlws.FILTER(O$3:O$650,ISNUMBER(MATCH(TRIM($B$3:$B$650),TRIM(_xlfn.TEXTSPLIT($N98,",")),0)))),0)/4,0)+P98,IF(IFERROR(MIN(_xlfn._xlws.FILTER(O$3:O$650,ISNUMBER(MATCH(TRIM($B$3:$B$650),TRIM(_xlfn.TEXTSPLIT($N98,",")),0)))),0)>=$E$1,IFERROR(MIN(_xlfn._xlws.FILTER(O$3:O$650,ISNUMBER(MATCH(TRIM($B$3:$B$650),TRIM(_xlfn.TEXTSPLIT($N98,",")),0)))),0)+P98,P98)),IF(TRIM($D98)="EA",IF(TRIM($E98)="M",ROUNDUP(O98*0.85,0),IF(TRIM($E98)="P",O98,P98)),P98))} -> N/A | T98: {=IFERROR(IF(D98="SET",_xlfn.TEXTJOIN(", ",TRUE,_xlfn._xlws.FILTER(TRANSPOSE(TRIM(_xlfn.TEXTSPLIT(N98,","))),COUNTIFS(B$3:B$650,TRANSPOSE(TRIM(_xlfn.TEXTSPLIT(N98,","))),O$3:O$650,"<="&$T$1))),""),"")}
A99: 5123 | B99: 05123 | C99: FRI | D99: EA | E99: P | F99: Y | H99: TreeSpirit™ 7" Honey Dipper | I99: =ISNUMBER(SEARCH($I$2,H99)) -> FALSE | J99: TreeSpirit™ | K99: Utensils | L99: Utensils | O99: 308 | P99: {=_xlfn.XLOOKUP(TRIM(B99),TRIM('[1]wc-product-export-16-3-2026-177'!$A:$A),'[1]wc-product-export-16-3-2026-177'!$D:$D,0,0)} -> 0 | Q99: {=IF(TRIM($D99)="SET",IF($K99="Steak Set1",ROUNDDOWN(IFERROR(MIN(_xlfn._xlws.FILTER(O$3:O$650,ISNUMBER(MATCH(TRIM($B$3:$B$650),TRIM(_xlfn.TEXTSPLIT($N99,",")),0)))),0)/4,0)+P99,IF(IFERROR(MIN(_xlfn._xlws.FILTER(O$3:O$650,ISNUMBER(MATCH(TRIM($B$3:$B$650),TRIM(_xlfn.TEXTSPLIT($N99,",")),0)))),0)>=$E$1,IFERROR(MIN(_xlfn._xlws.FILTER(O$3:O$650,ISNUMBER(MATCH(TRIM($B$3:$B$650),TRIM(_xlfn.TEXTSPLIT($N99,",")),0)))),0)+P99,P99)),IF(TRIM($D99)="EA",IF(TRIM($E99)="M",ROUNDUP(O99*0.85,0),IF(TRIM($E99)="P",O99,P99)),P99))} -> 308 | T99: {=IFERROR(IF(D99="SET",_xlfn.TEXTJOIN(", ",TRUE,_xlfn._xlws.FILTER(TRANSPOSE(TRIM(_xlfn.TEXTSPLIT(N99,","))),COUNTIFS(B$3:B$650,TRANSPOSE(TRIM(_xlfn.TEXTSPLIT(N99,","))),O$3:O$650,"<="&$T$1))),""),"")}
A100: 33675 | B100: 33675 | C100: THU | D100: EA | E100: M | H100: BBQ Tail-gater™ Walnut Knife 15" | I100: =ISNUMBER(SEARCH($I$2,H100)) -> FALSE | J100: BBQ Tail-gater™ | K100: BBQ | L100: BBQ | O100: 62 | P100: {=_xlfn.XLOOKUP(TRIM(B100),TRIM('[1]wc-product-export-16-3-2026-177'!$A:$A),'[1]wc-product-export-16-3-2026-177'!$D:$D,0,0)} -> 0 | Q100: {=IF(TRIM($D100)="SET",IF($K100="Steak Set1",ROUNDDOWN(IFERROR(MIN(_xlfn._xlws.FILTER(O$3:O$650,ISNUMBER(MATCH(TRIM($B$3:$B$650),TRIM(_xlfn.TEXTSPLIT($N100,",")),0)))),0)/4,0)+P100,IF(IFERROR(MIN(_xlfn._xlws.FILTER(O$3:O$650,ISNUMBER(MATCH(TRIM($B$3:$B$650),TRIM(_xlfn.TEXTSPLIT($N100,",")),0)))),0)>=$E$1,IFERROR(MIN(_xlfn._xlws.FILTER(O$3:O$650,ISNUMBER(MATCH(TRIM($B$3:$B$650),TRIM(_xlfn.TEXTSPLIT($N100,",")),0)))),0)+P100,P100)),IF(TRIM($D100)="EA",IF(TRIM($E100)="M",ROUNDUP(O100*0.85,0),IF(TRIM($E100)="P",O100,P100)),P100))} -> 53 | T100: {=IFERROR(IF(D100="SET",_xlfn.TEXTJOIN(", ",TRUE,_xlfn._xlws.FILTER(TRANSPOSE(TRIM(_xlfn.TEXTSPLIT(N100,","))),COUNTIFS(B$3:B$650,TRANSPOSE(TRIM(_xlfn.TEXTSPLIT(N100,","))),O$3:O$650,"<="&$T$1))),""),"")}
...

Sheet SILICONES
A1: DATE: 11/14/2025
A3: SKU | B3: DESCRIPTION | C3: BACKSTOCK | D3: IN TRAY | E3: TOTAL
A4: 07004 | B4: Original HotSpot™ (7" x 7") - Green | C4: 840 | D4: 100 | E4: 940 | I4: 10110 | J4: 2573
A5: 07006 | B5: Original HotSpot™ (7" x 7") - Black | C5: 3120 | D5: 80 | E5: 3200 | I5: 10111 | J5: 106
A6: 07008 | B6: Original HotSpot™ (7" x 7") - Blue | C6: 960 | D6: 45 | E6: 1005 | I6: 10112 | J6: 4287
A7: 07012 | B7: Original HotSpot™ (7" x 7") - White | C7: 820 | D7: 130 | E7: 950 | I7: 10113 | J7: 5144
A8: 07024 | B8: HotSpot™ 4″ x 4″ Red Silicone Coasters, 4-Piece Set - Red | C8: 1540 | D8: 40 | E8: 1580
A9: 07074 | B9: Original HotSpot™ Round (8" Diameter) - Black | C9: 2000 | D9: 70 | E9: 2070
A10: 07086 | B10: Big HotSpot™ (11.5" x 11.5") - Black | C10: 1800 | D10: 30 | E10: 1830
A11: 07088 | B11: Big HotSpot™ (11.5" x 11.5") - Blue | C11: 60 | D11: 50 | E11: 110
A12: 07090 | B12: Big HotSpot™ (11.5" x 11.5") - Red | C12: 1620 | D12: 12 | E12: 1632
A13: 07091 | B13: Big HotSpot™ (11.5" x 11.5") - Clear | C13: 1000 | D13: 10 | E13: 1010
A14: 07242 | B14: Original HotSpot™ (7" x 7") - Mango | C14: 360 | D14: 70 | E14: 430
A15: 07300 | B15: HotSpot™ HotHandle™ Large (6" x 1.5") - Red | C15: 1080 | D15: 60 | E15: 1140
A16: 07304 | B16: HotSpot™ HotHandle™ Large (6" x 1.5") - Black | C16: 960 | D16: 150 | E16: 1110
A17: 07308 | B17: HotSpot™ HotHandle™ Small (5" x 1") - Red | C17: 1440 | D17: 66 | E17: 1506
A18: 07309 | B18: HotSpot™ HotHandle™ Small (5" x 1") - Black | C18: 1560 | D18: 120 | E18: 1680
A19: 07394 | B19: Original HotSpot™ (7" x 7") - Goldenrod | C19: 240 | D19: 60 | E19: 300
... A39: 07511 | B39: HotSpot™ Collapsible Funnel (4.75" Diameter) - Yellow | C39: 360 | D39: 95 | E39: 455
A41: 10110 | B41: 2573
A42: 10111 | B42: 106
A43: 10112 | B43: 4287
A44: 10113 | B44: 5144

Sheet IN STOCK%
A1: IN STOCK % REPORT
A2: CATEGORY | B2: EA/SET | C2: # Items | D2: 46090 | E2: 46091 | F2: 46092 | G2: 46093 | H2: 46094
A3: Forged FIRE | B3: EA | C3: =COUNTIFS(INVENTORY!D:D,B3,INVENTORY!J:J,'IN STOCK%'!A3) -> 24 | D3: =IFERROR(IF(COUNTIFS(INVENTORY!$J:$J,$A3,INVENTORY!$D:$D,$B3, INVENTORY!Q:Q,">0")/$C3=1,"",COUNTIFS(INVENTORY!$J:$J,$A3,INVENTORY!$D:$D,$B3,INVENTORY!Q:Q,">0")/$C3),"N/A") -> 0.83333333 | E3: =IFERROR(IF(COUNTIFS(INVENTORY!$J:$J,$A3,INVENTORY!$D:$D,$B3, INVENTORY!#REF!,">0")/$C3=1,"",COUNTIFS(INVENTORY!$J:$J,$A3,INVENTORY!$D:$D,$B3,INVENTORY!#REF!,">0")/$C3),"N/A") -> N/A | F3: =IFERROR(IF(COUNTIFS(INVENTORY!$J:$J,$A3,INVENTORY!$D:$D,$B3, INVENTORY!#REF!,">0")/$C3=1,"",COUNTIFS(INVENTORY!$J:$J,$A3,INVENTORY!$D:$D,$B3,INVENTORY!#REF!,">0")/$C3),"N/A") -> N/A | G3: =IFERROR(IF(COUNTIFS(INVENTORY!$J:$J,$A3,INVENTORY!$D:$D,$B3, INVENTORY!#REF!,">0")/$C3=1,"",COUNTIFS(INVENTORY!$J:$J,$A3,INVENTORY!$D:$D,$B3,INVENTORY!#REF!,">0")/$C3),"N/A") -> N/A | H3: =IFERROR(IF(COUNTIFS(INVENTORY!$J:$J,$A3,INVENTORY!$D:$D,$B3, INVENTORY!#REF!,">0")/$C3=1,"",COUNTIFS(INVENTORY!$J:$J,$A3,INVENTORY!$D:$D,$B3,INVENTORY!#REF!,">0")/$C3),"N/A") -> N/A
A4: Forged ICE | B4: EA | C4: =COUNTIFS(INVENTORY!D:D,B4,INVENTORY!J:J,'IN STOCK%'!A4) -> 24 | D4: =IFERROR(IF(COUNTIFS(INVENTORY!$J:$J,$A4,INVENTORY!$D:$D,$B4, INVENTORY!Q:Q,">0")/$C4=1,"",COUNTIFS(INVENTORY!$J:$J,$A4,INVENTORY!$D:$D,$B4,INVENTORY!Q:Q,">0")/$C4),"N/A") -> 0.58333333 | E4: =IFERROR(IF(COUNTIFS(INVENTORY!$J:$J,$A4,INVENTORY!$D:$D,$B4, INVENTORY!#REF!,">0")/$C4=1,"",COUNTIFS(INVENTORY!$J:$J,$A4,INVENTORY!$D:$D,$B4,INVENTORY!#REF!,">0")/$C4),"N/A") -> N/A | F4: =IFERROR(IF(COUNTIFS(INVENTORY!$J:$J,$A4,INVENTORY!$D:$D,$B4, INVENTORY!#REF!,">0")/$C4=1,"",COUNTIFS(INVENTORY!$J:$J,$A4,INVENTORY!$D:$D,$B4,INVENTORY!#REF!,">0")/$C4),"N/A") -> N/A | G4: =IFERROR(IF(COUNTIFS(INVENTORY!$J:$J,$A4,INVENTORY!$D:$D,$B4, INVENTORY!#REF!,">0")/$C4=1,"",COUNTIFS(INVENTORY!$J:$J,$A4,INVENTORY!$D:$D,$B4,INVENTORY!#REF!,">0")/$C4),"N/A") -> N/A | H4: =IFERROR(IF(COUNTIFS(INVENTORY!$J:$J,$A4,INVENTORY!$D:$D,$B4, INVENTORY!#REF!,">0")/$C4=1,"",COUNTIFS(INVENTORY!$J:$J,$A4,INVENTORY!$D:$D,$B4,INVENTORY!#REF!,">0")/$C4),"N/A") -> N/A
A5: Forged SIERRA | B5: EA | C5: =COUNTIFS(INVENTORY!D:D,B5,INVENTORY!J:J,'IN STOCK%'!A5) -> 24 | D5: =IFERROR(IF(COUNTIFS(INVENTORY!$J:$J,$A5,INVENTORY!$D:$D,$B5, INVENTORY!Q:Q,">0")/$C5=1,"",COUNTIFS(INVENTORY!$J:$J,$A5,INVENTORY!$D:$D,$B5,INVENTORY!Q:Q,">0")/$C5),"N/A") -> 0.75 | E5: =IFERROR(IF(COUNTIFS(INVENTORY!$J:$J,$A5,INVENTORY!$D:$D,$B5, INVENTORY!#REF!,">0")/$C5=1,"",COUNTIFS(INVENTORY!$J:$J,$A5,INVENTORY!$D:$D,$B5,INVENTORY!#REF!,">0")/$C5),"N/A") -> N/A | F5: =IFERROR(IF(COUNTIFS(INVENTORY!$J:$J,$A5,INVENTORY!$D:$D,$B5, INVENTORY!#REF!,">0")/$C5=1,"",COUNTIFS(INVENTORY!$J:$J,$A5,INVENTORY!$D:$D,$B5,INVENTORY!#REF!,">0")/$C5),"N/A") -> N/A | G5: =IFERROR(IF(COUNTIFS(INVENTORY!$J:$J,$A5,INVENTORY!$D:$D,$B5, INVENTORY!#REF!,">0")/$C5=1,"",COUNTIFS(INVENTORY!$J:$J,$A5,INVENTORY!$D:$D,$B5,INVENTORY!#REF!,">0")/$C5),"N/A") -> N/A | H5: =IFERROR(IF(COUNTIFS(INVENTORY!$J:$J,$A5,INVENTORY!$D:$D,$B5, INVENTORY!#REF!,">0")/$C5=1,"",COUNTIFS(INVENTORY!$J:$J,$A5,INVENTORY!$D:$D,$B5,INVENTORY!#REF!,">0")/$C5),"N/A") -> N/A
A6: Forged MIDNIGHT | B6: EA | C6: =COUNTIFS(INVENTORY!D:D,B6,INVENTORY!J:J,'IN STOCK%'!A6) -> 24 | D6: =IFERROR(IF(COUNTIFS(INVENTORY!$J:$J,$A6,INVENTORY!$D:$D,$B6, INVENTORY!Q:Q,">0")/$C6=1,"",COUNTIFS(INVENTORY!$J:$J,$A6,INVENTORY!$D:$D,$B6,INVENTORY!Q:Q,">0")/$C6),"N/A") -> 0.91666667 | E6: =IFERROR(IF(COUNTIFS(INVENTORY!$J:$J,$A6,INVENTORY!$D:$D,$B6, INVENTORY!#REF!,">0")/$C6=1,"",COUNTIFS(INVENTORY!$J:$J,$A6,INVENTORY!$D:$D,$B6,INVENTORY!#REF!,">0")/$C6),"N/A") -> N/A | F6: =IFERROR(IF(COUNTIFS(INVENTORY!$J:$J,$A6,INVENTORY!$D:$D,$B6, INVENTORY!#REF!,">0")/$C6=1,"",COUNTIFS(INVENTORY!$J:$J,$A6,INVENTORY!$D:$D,$B6,INVENTORY!#REF!,">0")/$C6),"N/A") -> N/A | G6: =IFERROR(IF(COUNTIFS(INVENTORY!$J:$J,$A6,INVENTORY!$D:$D,$B6, INVENTORY!#REF!,">0")/$C6=1,"",COUNTIFS(INVENTORY!$J:$J,$A6,INVENTORY!$D:$D,$B6,INVENTORY!#REF!,">0")/$C6),"N/A") -> N/A | H6: =IFERROR(IF(COUNTIFS(INVENTORY!$J:$J,$A6,INVENTORY!$D:$D,$B6, INVENTORY!#REF!,">0")/$C6=1,"",COUNTIFS(INVENTORY!$J:$J,$A6,INVENTORY!$D:$D,$B6,INVENTORY!#REF!,">0")/$C6),"N/A") -> N/A
A7: Forged WALNUT | B7: EA | C7: =COUNTIFS(INVENTORY!D:D,B7,INVENTORY!J:J,'IN STOCK%'!A7) -> 24 | D7: =IFERROR(IF(COUNTIFS(INVENTORY!$J:$J,$A7,INVENTORY!$D:$D,$B7, INVENTORY!Q:Q,">0")/$C7=1,"",COUNTIFS(INVENTORY!$J:$J,$A7,INVENTORY!$D:$D,$B7,INVENTORY!Q:Q,">0")/$C7),"N/A") -> 0.79166667 | E7: =IFERROR(IF(COUNTIFS(INVENTORY!$J:$J,$A7,INVENTORY!$D:$D,$B7, INVENTORY!#REF!,">0")/$C7=1,"",COUNTIFS(INVENTORY!$J:$J,$A7,INVENTORY!$D:$D,$B7,INVENTORY!#REF!,">0")/$C7),"N/A") -> N/A | F7: =IFERROR(IF(COUNTIFS(INVENTORY!$J:$J,$A7,INVENTORY!$D:$D,$B7, INVENTORY!#REF!,">0")/$C7=1,"",COUNTIFS(INVENTORY!$J:$J,$A7,INVENTORY!$D:$D,$B7,INVENTORY!#REF!,">0")/$C7),"N/A") -> N/A | G7: =IFERROR(IF(COUNTIFS(INVENTORY!$J:$J,$A7,INVENTORY!$D:$D,$B7, INVENTORY!#REF!,">0")/$C7=1,"",COUNTIFS(INVENTORY!$J:$J,$A7,INVENTORY!$D:$D,$B7,INVENTORY!#REF!,">0")/$C7),"N/A") -> N/A | H7: =IFERROR(IF(COUNTIFS(INVENTORY!$J:$J,$A7,INVENTORY!$D:$D,$B7, INVENTORY!#REF!,">0")/$C7=1,"",COUNTIFS(INVENTORY!$J:$J,$A7,INVENTORY!$D:$D,$B7,INVENTORY!#REF!,">0")/$C7),"N/A") -> N/A
A8: BBQ Premier | B8: EA | C8: =COUNTIFS(INVENTORY!D:D,B8,INVENTORY!J:J,'IN STOCK%'!A8) -> 6 | D8: =IFERROR(IF(COUNTIFS(INVENTORY!$J:$J,$A8,INVENTORY!$D:$D,$B8, INVENTORY!Q:Q,">0")/$C8=1,"",COUNTIFS(INVENTORY!$J:$J,$A8,INVENTORY!$D:$D,$B8,INVENTORY!Q:Q,">0")/$C8),"N/A") | E8: =IFERROR(IF(COUNTIFS(INVENTORY!$J:$J,$A8,INVENTORY!$D:$D,$B8, INVENTORY!#REF!,">0")/$C8=1,"",COUNTIFS(INVENTORY!$J:$J,$A8,INVENTORY!$D:$D,$B8,INVENTORY!#REF!,">0")/$C8),"N/A") -> N/A | F8: =IFERROR(IF(COUNTIFS(INVENTORY!$J:$J,$A8,INVENTORY!$D:$D,$B8, INVENTORY!#REF!,">0")/$C8=1,"",COUNTIFS(INVENTORY!$J:$J,$A8,INVENTORY!$D:$D,$B8,INVENTORY!#REF!,">0")/$C8),"N/A") -> N/A | G8: =IFERROR(IF(COUNTIFS(INVENTORY!$J:$J,$A8,INVENTORY!$D:$D,$B8, INVENTORY!#REF!,">0")/$C8=1,"",COUNTIFS(INVENTORY!$J:$J,$A8,INVENTORY!$D:$D,$B8,INVENTORY!#REF!,">0")/$C8),"N/A") -> N/A | H8: =IFERROR(IF(COUNTIFS(INVENTORY!$J:$J,$A8,INVENTORY!$D:$D,$B8, INVENTORY!#REF!,">0")/$C8=1,"",COUNTIFS(INVENTORY!$J:$J,$A8,INVENTORY!$D:$D,$B8,INVENTORY!#REF!,">0")/$C8),"N/A") -> N/A
A9: BBQ Tail-gater™ | B9: EA | C9: =COUNTIFS(INVENTORY!D:D,B9,INVENTORY!J:J,'IN STOCK%'!A9) -> 5 | D9: =IFERROR(IF(COUNTIFS(INVENTORY!$J:$J,$A9,INVENTORY!$D:$D,$B9, INVENTORY!Q:Q,">0")/$C9=1,"",COUNTIFS(INVENTORY!$J:$J,$A9,INVENTORY!$D:$D,$B9,INVENTORY!Q:Q,">0")/$C9),"N/A") | E9: =IFERROR(IF(COUNTIFS(INVENTORY!$J:$J,$A9,INVENTORY!$D:$D,$B9, INVENTORY!#REF!,">0")/$C9=1,"",COUNTIFS(INVENTORY!$J:$J,$A9,INVENTORY!$D:$D,$B9,INVENTORY!#REF!,">0")/$C9),"N/A") -> N/A | F9: =IFERROR(IF(COUNTIFS(INVENTORY!$J:$J,$A9,INVENTORY!$D:$D,$B9, INVENTORY!#REF!,">0")/$C9=1,"",COUNTIFS(INVENTORY!$J:$J,$A9,INVENTORY!$D:$D,$B9,INVENTORY!#REF!,">0")/$C9),"N/A") -> N/A | G9: =IFERROR(IF(COUNTIFS(INVENTORY!$J:$J,$A9,INVENTORY!$D:$D,$B9, INVENTORY!#REF!,">0")/$C9=1,"",COUNTIFS(INVENTORY!$J:$J,$A9,INVENTORY!$D:$D,$B9,INVENTORY!#REF!,">0")/$C9),"N/A") -> N/A | H9: =IFERROR(IF(COUNTIFS(INVENTORY!$J:$J,$A9,INVENTORY!$D:$D,$B9, INVENTORY!#REF!,">0")/$C9=1,"",COUNTIFS(INVENTORY!$J:$J,$A9,INVENTORY!$D:$D,$B9,INVENTORY!#REF!,">0")/$C9),"N/A") -> N/A
A10: Brad Leone | B10: EA | C10: 5 | D10: =IFERROR(IF(COUNTIFS(INVENTORY!$J:$J,$A10,INVENTORY!$D:$D,$B10, INVENTORY!Q:Q,">0")/$C10=1,"",COUNTIFS(INVENTORY!$J:$J,$A10,INVENTORY!$D:$D,$B10,INVENTORY!Q:Q,">0")/$C10),"N/A") -> 0.6 | E10: =IFERROR(IF(COUNTIFS(INVENTORY!$J:$J,$A10,INVENTORY!$D:$D,$B10, INVENTORY!#REF!,">0")/$C10=1,"",COUNTIFS(INVENTORY!$J:$J,$A10,INVENTORY!$D:$D,$B10,INVENTORY!#REF!,">0")/$C10),"N/A") -> N/A | F10: =IFERROR(IF(COUNTIFS(INVENTORY!$J:$J,$A10,INVENTORY!$D:$D,$B10, INVENTORY!#REF!,">0")/$C10=1,"",COUNTIFS(INVENTORY!$J:$J,$A10,INVENTORY!$D:$D,$B10,INVENTORY!#REF!,">0")/$C10),"N/A") -> N/A | G10: =IFERROR(IF(COUNTIFS(INVENTORY!$J:$J,$A10,INVENTORY!$D:$D,$B10, INVENTORY!#REF!,">0")/$C10=1,"",COUNTIFS(INVENTORY!$J:$J,$A10,INVENTORY!$D:$D,$B10,INVENTORY!#REF!,">0")/$C10),"N/A") -> N/A | H10: =IFERROR(IF(COUNTIFS(INVENTORY!$J:$J,$A10,INVENTORY!$D:$D,$B10, INVENTORY!#REF!,">0")/$C10=1,"",COUNTIFS(INVENTORY!$J:$J,$A10,INVENTORY!$D:$D,$B10,INVENTORY!#REF!,">0")/$C10),"N/A") -> N/A
A11: Vintage Walnut | B11: EA | C11: =COUNTIFS(INVENTORY!D:D,B11,INVENTORY!J:J,'IN STOCK%'!A11) -> 20 | D11: =IFERROR(IF(COUNTIFS(INVENTORY!$J:$J,$A11,INVENTORY!$D:$D,$B11, INVENTORY!Q:Q,">0")/$C11=1,"",COUNTIFS(INVENTORY!$J:$J,$A11,INVENTORY!$D:$D,$B11,INVENTORY!Q:Q,">0")/$C11),"N/A") -> 0.75 | E11: =IFERROR(IF(COUNTIFS(INVENTORY!$J:$J,$A11,INVENTORY!$D:$D,$B11, INVENTORY!#REF!,">0")/$C11=1,"",COUNTIFS(INVENTORY!$J:$J,$A11,INVENTORY!$D:$D,$B11,INVENTORY!#REF!,">0")/$C11),"N/A") -> N/A | F11: =IFERROR(IF(COUNTIFS(INVENTORY!$J:$J,$A11,INVENTORY!$D:$D,$B11, INVENTORY!#REF!,">0")/$C11=1,"",COUNTIFS(INVENTORY!$J:$J,$A11,INVENTORY!$D:$D,$B11,INVENTORY!#REF!,">0")/$C11),"N/A") -> N/A | G11: =IFERROR(IF(COUNTIFS(INVENTORY!$J:$J,$A11,INVENTORY!$D:$D,$B11, INVENTORY!#REF!,">0")/$C11=1,"",COUNTIFS(INVENTORY!$J:$J,$A11,INVENTORY!$D:$D,$B11,INVENTORY!#REF!,">0")/$C11),"N/A") -> N/A | H11: =IFERROR(IF(COUNTIFS(INVENTORY!$J:$J,$A11,INVENTORY!$D:$D,$B11, INVENTORY!#REF!,">0")/$C11=1,"",COUNTIFS(INVENTORY!$J:$J,$A11,INVENTORY!$D:$D,$B11,INVENTORY!#REF!,">0")/$C11),"N/A") -> N/A
A12: Walnut Kitchen Tools | B12: EA | C12: 29 | D12: =IFERROR(IF(COUNTIFS(INVENTORY!$J:$J,$A12,INVENTORY!$D:$D,$B12, INVENTORY!Q:Q,">0")/$C12=1,"",COUNTIFS(INVENTORY!$J:$J,$A12,INVENTORY!$D:$D,$B12,INVENTORY!Q:Q,">0")/$C12),"N/A") -> 0.89655172 | E12: =IFERROR(IF(COUNTIFS(INVENTORY!$J:$J,$A12,INVENTORY!$D:$D,$B12, INVENTORY!#REF!,">0")/$C12=1,"",COUNTIFS(INVENTORY!$J:$J,$A12,INVENTORY!$D:$D,$B12,INVENTORY!#REF!,">0")/$C12),"N/A") -> N/A | F12: =IFERROR(IF(COUNTIFS(INVENTORY!$J:$J,$A12,INVENTORY!$D:$D,$B12, INVENTORY!#REF!,">0")/$C12=1,"",COUNTIFS(INVENTORY!$J:$J,$A12,INVENTORY!$D:$D,$B12,INVENTORY!#REF!,">0")/$C12),"N/A") -> N/A | G12: =IFERROR(IF(COUNTIFS(INVENTORY!$J:$J,$A12,INVENTORY!$D:$D,$B12, INVENTORY!#REF!,">0")/$C12=1,"",COUNTIFS(INVENTORY!$J:$J,$A12,INVENTORY!$D:$D,$B12,INVENTORY!#REF!,">0")/$C12),"N/A") -> N/A | H12: =IFERROR(IF(COUNTIFS(INVENTORY!$J:$J,$A12,INVENTORY!$D:$D,$B12, INVENTORY!#REF!,">0")/$C12=1,"",COUNTIFS(INVENTORY!$J:$J,$A12,INVENTORY!$D:$D,$B12,INVENTORY!#REF!,">0")/$C12),"N/A") -> N/A
A13: POM Kitchen Tools | B13: EA | C13: =COUNTIFS(INVENTORY!D:D,B13,INVENTORY!J:J,'IN STOCK%'!A13) -> 20 | D13: =IFERROR(IF(COUNTIFS(INVENTORY!$J:$J,$A13,INVENTORY!$D:$D,$B13, INVENTORY!Q:Q,">0")/$C13=1,"",COUNTIFS(INVENTORY!$J:$J,$A13,INVENTORY!$D:$D,$B13,INVENTORY!Q:Q,">0")/$C13),"N/A") | E13: =IFERROR(IF(COUNTIFS(INVENTORY!$J:$J,$A13,INVENTORY!$D:$D,$B13, INVENTORY!#REF!,">0")/$C13=1,"",COUNTIFS(INVENTORY!$J:$J,$A13,INVENTORY!$D:$D,$B13,INVENTORY!#REF!,">0")/$C13),"N/A") -> N/A | F13: =IFERROR(IF(COUNTIFS(INVENTORY!$J:$J,$A13,INVENTORY!$D:$D,$B13, INVENTORY!#REF!,">0")/$C13=1,"",COUNTIFS(INVENTORY!$J:$J,$A13,INVENTORY!$D:$D,$B13,INVENTORY!#REF!,">0")/$C13),"N/A") -> N/A | G13: =IFERROR(IF(COUNTIFS(INVENTORY!$J:$J,$A13,INVENTORY!$D:$D,$B13, INVENTORY!#REF!,">0")/$C13=1,"",COUNTIFS(INVENTORY!$J:$J,$A13,INVENTORY!$D:$D,$B13,INVENTORY!#REF!,">0")/$C13),"N/A") -> N/A | H13: =IFERROR(IF(COUNTIFS(INVENTORY!$J:$J,$A13,INVENTORY!$D:$D,$B13, INVENTORY!#REF!,">0")/$C13=1,"",COUNTIFS(INVENTORY!$J:$J,$A13,INVENTORY!$D:$D,$B13,INVENTORY!#REF!,">0")/$C13),"N/A") -> N/A
A14: Accessories | B14: EA | C14: 27 | D14: =IFERROR(IF(COUNTIFS(INVENTORY!$J:$J,$A14,INVENTORY!$D:$D,$B14, INVENTORY!Q:Q,">0")/$C14=1,"",COUNTIFS(INVENTORY!$J:$J,$A14,INVENTORY!$D:$D,$B14,INVENTORY!Q:Q,">0")/$C14),"N/A") | E14: =IFERROR(IF(COUNTIFS(INVENTORY!$J:$J,$A14,INVENTORY!$D:$D,$B14, INVENTORY!#REF!,">0")/$C14=1,"",COUNTIFS(INVENTORY!$J:$J,$A14,INVENTORY!$D:$D,$B14,INVENTORY!#REF!,">0")/$C14),"N/A") -> N/A | F14: =IFERROR(IF(COUNTIFS(INVENTORY!$J:$J,$A14,INVENTORY!$D:$D,$B14, INVENTORY!#REF!,">0")/$C14=1,"",COUNTIFS(INVENTORY!$J:$J,$A14,INVENTORY!$D:$D,$B14,INVENTORY!#REF!,">0")/$C14),"N/A") -> N/A | G14: =IFERROR(IF(COUNTIFS(INVENTORY!$J:$J,$A14,INVENTORY!$D:$D,$B14, INVENTORY!#REF!,">0")/$C14=1,"",COUNTIFS(INVENTORY!$J:$J,$A14,INVENTORY!$D:$D,$B14,INVENTORY!#REF!,">0")/$C14),"N/A") -> N/A | H14: =IFERROR(IF(COUNTIFS(INVENTORY!$J:$J,$A14,INVENTORY!$D:$D,$B14, INVENTORY!#REF!,">0")/$C14=1,"",COUNTIFS(INVENTORY!$J:$J,$A14,INVENTORY!$D:$D,$B14,INVENTORY!#REF!,">0")/$C14),"N/A") -> N/A
A15: TreeSpirit™ | B15: EA | C15: =COUNTIFS(INVENTORY!D:D,B15,INVENTORY!J:J,'IN STOCK%'!A15) -> 47 | D15: =IFERROR(IF(COUNTIFS(INVENTORY!$J:$J,$A15,INVENTORY!$D:$D,$B15, INVENTORY!Q:Q,">0")/$C15=1,"",COUNTIFS(INVENTORY!$J:$J,$A15,INVENTORY!$D:$D,$B15,INVENTORY!Q:Q,">0")/$C15),"N/A") -> 0.78723404 | E15: =IFERROR(IF(COUNTIFS(INVENTORY!$J:$J,$A15,INVENTORY!$D:$D,$B15, INVENTORY!#REF!,">0")/$C15=1,"",COUNTIFS(INVENTORY!$J:$J,$A15,INVENTORY!$D:$D,$B15,INVENTORY!#REF!,">0")/$C15),"N/A") -> N/A | F15: =IFERROR(IF(COUNTIFS(INVENTORY!$J:$J,$A15,INVENTORY!$D:$D,$B15, INVENTORY!#REF!,">0")/$C15=1,"",COUNTIFS(INVENTORY!$J:$J,$A15,INVENTORY!$D:$D,$B15,INVENTORY!#REF!,">0")/$C15),"N/A") -> N/A | G15: =IFERROR(IF(COUNTIFS(INVENTORY!$J:$J,$A15,INVENTORY!$D:$D,$B15, INVENTORY!#REF!,">0")/$C15=1,"",COUNTIFS(INVENTORY!$J:$J,$A15,INVENTORY!$D:$D,$B15,INVENTORY!#REF!,">0")/$C15),"N/A") -> N/A | H15: =IFERROR(IF(COUNTIFS(INVENTORY!$J:$J,$A15,INVENTORY!$D:$D,$B15, INVENTORY!#REF!,">0")/$C15=1,"",COUNTIFS(INVENTORY!$J:$J,$A15,INVENTORY!$D:$D,$B15,INVENTORY!#REF!,">0")/$C15),"N/A") -> N/A
A16: M VINTAGE G-10 | B16: EA | C16: =COUNTIFS(INVENTORY!D:D,B16,INVENTORY!J:J,'IN STOCK%'!A16) -> 20 | D16: =IFERROR(IF(COUNTIFS(INVENTORY!$J:$J,$A16,INVENTORY!$D:$D,$B16, INVENTORY!Q:Q,">0")/$C16=1,"",COUNTIFS(INVENTORY!$J:$J,$A16,INVENTORY!$D:$D,$B16,INVENTORY!Q:Q,">0")/$C16),"N/A") | E16: =IFERROR(IF(COUNTIFS(INVENTORY!$J:$J,$A16,INVENTORY!$D:$D,$B16, INVENTORY!#REF!,">0")/$C16=1,"",COUNTIFS(INVENTORY!$J:$J,$A16,INVENTORY!$D:$D,$B16,INVENTORY!#REF!,">0")/$C16),"N/A") -> N/A | F16: =IFERROR(IF(COUNTIFS(INVENTORY!$J:$J,$A16,INVENTORY!$D:$D,$B16, INVENTORY!#REF!,">0")/$C16=1,"",COUNTIFS(INVENTORY!$J:$J,$A16,INVENTORY!$D:$D,$B16,INVENTORY!#REF!,">0")/$C16),"N/A") -> N/A | G16: =IFERROR(IF(COUNTIFS(INVENTORY!$J:$J,$A16,INVENTORY!$D:$D,$B16, INVENTORY!#REF!,">0")/$C16=1,"",COUNTIFS(INVENTORY!$J:$J,$A16,INVENTORY!$D:$D,$B16,INVENTORY!#REF!,">0")/$C16),"N/A") -> N/A | H16: =IFERROR(IF(COUNTIFS(INVENTORY!$J:$J,$A16,INVENTORY!$D:$D,$B16, INVENTORY!#REF!,">0")/$C16=1,"",COUNTIFS(INVENTORY!$J:$J,$A16,INVENTORY!$D:$D,$B16,INVENTORY!#REF!,">0")/$C16),"N/A") -> N/A
A17: Granny Tools | B17: EA | C17: =COUNTIFS(INVENTORY!D:D,B17,INVENTORY!J:J,'IN STOCK%'!A17) -> 6 | D17: =IFERROR(IF(COUNTIFS(INVENTORY!$J:$J,$A17,INVENTORY!$D:$D,$B17, INVENTORY!Q:Q,">0")/$C17=1,"",COUNTIFS(INVENTORY!$J:$J,$A17,INVENTORY!$D:$D,$B17,INVENTORY!Q:Q,">0")/$C17),"N/A") -> 0.66666667 | E17: =IFERROR(IF(COUNTIFS(INVENTORY!$J:$J,$A17,INVENTORY!$D:$D,$B17, INVENTORY!#REF!,">0")/$C17=1,"",COUNTIFS(INVENTORY!$J:$J,$A17,INVENTORY!$D:$D,$B17,INVENTORY!#REF!,">0")/$C17),"N/A") -> N/A | F17: =IFERROR(IF(COUNTIFS(INVENTORY!$J:$J,$A17,INVENTORY!$D:$D,$B17, INVENTORY!#REF!,">0")/$C17=1,"",COUNTIFS(INVENTORY!$J:$J,$A17,INVENTORY!$D:$D,$B17,INVENTORY!#REF!,">0")/$C17),"N/A") -> N/A | G17: =IFERROR(IF(COUNTIFS(INVENTORY!$J:$J,$A17,INVENTORY!$D:$D,$B17, INVENTORY!#REF!,">0")/$C17=1,"",COUNTIFS(INVENTORY!$J:$J,$A17,INVENTORY!$D:$D,$B17,INVENTORY!#REF!,">0")/$C17),"N/A") -> N/A | H17: =IFERROR(IF(COUNTIFS(INVENTORY!$J:$J,$A17,INVENTORY!$D:$D,$B17, INVENTORY!#REF!,">0")/$C17=1,"",COUNTIFS(INVENTORY!$J:$J,$A17,INVENTORY!$D:$D,$B17,INVENTORY!#REF!,">0")/$C17),"N/A") -> N/A
A18: Vintage PINK POM | B18: EA | C18: =COUNTIFS(INVENTORY!D:D,B18,INVENTORY!J:J,'IN STOCK%'!A18) -> 5 | D18: =IFERROR(IF(COUNTIFS(INVENTORY!$J:$J,$A18,INVENTORY!$D:$D,$B18, INVENTORY!Q:Q,">0")/$C18=1,"",COUNTIFS(INVENTORY!$J:$J,$A18,INVENTORY!$D:$D,$B18,INVENTORY!Q:Q,">0")/$C18),"N/A") -> 0 | E18: =IFERROR(IF(COUNTIFS(INVENTORY!$J:$J,$A18,INVENTORY!$D:$D,$B18, INVENTORY!#REF!,">0")/$C18=1,"",COUNTIFS(INVENTORY!$J:$J,$A18,INVENTORY!$D:$D,$B18,INVENTORY!#REF!,">0")/$C18),"N/A") -> N/A | F18: =IFERROR(IF(COUNTIFS(INVENTORY!$J:$J,$A18,INVENTORY!$D:$D,$B18, INVENTORY!#REF!,">0")/$C18=1,"",COUNTIFS(INVENTORY!$J:$J,$A18,INVENTORY!$D:$D,$B18,INVENTORY!#REF!,">0")/$C18),"N/A") -> N/A | G18: =IFERROR(IF(COUNTIFS(INVENTORY!$J:$J,$A18,INVENTORY!$D:$D,$B18, INVENTORY!#REF!,">0")/$C18=1,"",COUNTIFS(INVENTORY!$J:$J,$A18,INVENTORY!$D:$D,$B18,INVENTORY!#REF!,">0")/$C18),"N/A") -> N/A | H18: =IFERROR(IF(COUNTIFS(INVENTORY!$J:$J,$A18,INVENTORY!$D:$D,$B18, INVENTORY!#REF!,">0")/$C18=1,"",COUNTIFS(INVENTORY!$J:$J,$A18,INVENTORY!$D:$D,$B18,INVENTORY!#REF!,">0")/$C18),"N/A") -> N/A
A19: HotSpot™ | B19: EA | C19: 35 | D19: =IFERROR(IF(COUNTIFS(INVENTORY!$J:$J,$A19,INVENTORY!$D:$D,$B19, INVENTORY!Q:Q,">0")/$C19=1,"",COUNTIFS(INVENTORY!$J:$J,$A19,INVENTORY!$D:$D,$B19,INVENTORY!Q:Q,">0")/$C19),"N/A") -> 0.97142857 | E19: =IFERROR(IF(COUNTIFS(INVENTORY!$J:$J,$A19,INVENTORY!$D:$D,$B19, INVENTORY!#REF!,">0")/$C19=1,"",COUNTIFS(INVENTORY!$J:$J,$A19,INVENTORY!$D:$D,$B19,INVENTORY!#REF!,">0")/$C19),"N/A") -> N/A | F19: =IFERROR(IF(COUNTIFS(INVENTORY!$J:$J,$A19,INVENTORY!$D:$D,$B19, INVENTORY!#REF!,">0")/$C19=1,"",COUNTIFS(INVENTORY!$J:$J,$A19,INVENTORY!$D:$D,$B19,INVENTORY!#REF!,">0")/$C19),"N/A") -> N/A | G19: =IFERROR(IF(COUNTIFS(INVENTORY!$J:$J,$A19,INVENTORY!$D:$D,$B19, INVENTORY!#REF!,">0")/$C19=1,"",COUNTIFS(INVENTORY!$J:$J,$A19,INVENTORY!$D:$D,$B19,INVENTORY!#REF!,">0")/$C19),"N/A") -> N/A | H19: =IFERROR(IF(COUNTIFS(INVENTORY!$J:$J,$A19,INVENTORY!$D:$D,$B19, INVENTORY!#REF!,">0")/$C19=1,"",COUNTIFS(INVENTORY!$J:$J,$A19,INVENTORY!$D:$D,$B19,INVENTORY!#REF!,">0")/$C19),"N/A") -> N/A
A20: KnifeSafe™ | B20: EA | C20: 10 | D20: =IFERROR(IF(COUNTIFS(INVENTORY!$J:$J,$A20,INVENTORY!$D:$D,$B20, INVENTORY!Q:Q,">0")/$C20=1,"",COUNTIFS(INVENTORY!$J:$J,$A20,INVENTORY!$D:$D,$B20,INVENTORY!Q:Q,">0")/$C20),"N/A") | E20: =IFERROR(IF(COUNTIFS(INVENTORY!$J:$J,$A20,INVENTORY!$D:$D,$B20, INVENTORY!#REF!,">0")/$C20=1,"",COUNTIFS(INVENTORY!$J:$J,$A20,INVENTORY!$D:$D,$B20,INVENTORY!#REF!,">0")/$C20),"N/A") -> N/A | F20: =IFERROR(IF(COUNTIFS(INVENTORY!$J:$J,$A20,INVENTORY!$D:$D,$B20, INVENTORY!#REF!,">0")/$C20=1,"",COUNTIFS(INVENTORY!$J:$J,$A20,INVENTORY!$D:$D,$B20,INVENTORY!#REF!,">0")/$C20),"N/A") -> N/A | G20: =IFERROR(IF(COUNTIFS(INVENTORY!$J:$J,$A20,INVENTORY!$D:$D,$B20, INVENTORY!#REF!,">0")/$C20=1,"",COUNTIFS(INVENTORY!$J:$J,$A20,INVENTORY!$D:$D,$B20,INVENTORY!#REF!,">0")/$C20),"N/A") -> N/A | H20: =IFERROR(IF(COUNTIFS(INVENTORY!$J:$J,$A20,INVENTORY!$D:$D,$B20, INVENTORY!#REF!,">0")/$C20=1,"",COUNTIFS(INVENTORY!$J:$J,$A20,INVENTORY!$D:$D,$B20,INVENTORY!#REF!,">0")/$C20),"N/A") -> N/A
A21: Forged FIRE | B21: SET | C21: 29 | D21: =IFERROR(IF(COUNTIFS(INVENTORY!$J:$J,$A21,INVENTORY!$D:$D,$B21, INVENTORY!Q:Q,">0")/$C21=1,"",COUNTIFS(INVENTORY!$J:$J,$A21,INVENTORY!$D:$D,$B21,INVENTORY!Q:Q,">0")/$C21),"N/A") -> 0.75862069 | E21: =IFERROR(IF(COUNTIFS(INVENTORY!$J:$J,$A21,INVENTORY!$D:$D,$B21, INVENTORY!#REF!,">0")/$C21=1,"",COUNTIFS(INVENTORY!$J:$J,$A21,INVENTORY!$D:$D,$B21,INVENTORY!#REF!,">0")/$C21),"N/A") -> N/A | F21: =IFERROR(IF(COUNTIFS(INVENTORY!$J:$J,$A21,INVENTORY!$D:$D,$B21, INVENTORY!#REF!,">0")/$C21=1,"",COUNTIFS(INVENTORY!$J:$J,$A21,INVENTORY!$D:$D,$B21,INVENTORY!#REF!,">0")/$C21),"N/A") -> N/A | G21: =IFERROR(IF(COUNTIFS(INVENTORY!$J:$J,$A21,INVENTORY!$D:$D,$B21, INVENTORY!#REF!,">0")/$C21=1,"",COUNTIFS(INVENTORY!$J:$J,$A21,INVENTORY!$D:$D,$B21,INVENTORY!#REF!,">0")/$C21),"N/A") -> N/A | H21: =IFERROR(IF(COUNTIFS(INVENTORY!$J:$J,$A21,INVENTORY!$D:$D,$B21, INVENTORY!#REF!,">0")/$C21=1,"",COUNTIFS(INVENTORY!$J:$J,$A21,INVENTORY!$D:$D,$B21,INVENTORY!#REF!,">0")/$C21),"N/A") -> N/A
A22: Forged ICE | B22: SET | C22: 29 | D22: =IFERROR(IF(COUNTIFS(INVENTORY!$J:$J,$A22,INVENTORY!$D:$D,$B22, INVENTORY!Q:Q,">0")/$C22=1,"",COUNTIFS(INVENTORY!$J:$J,$A22,INVENTORY!$D:$D,$B22,INVENTORY!Q:Q,">0")/$C22),"N/A") -> 0.13793103 | E22: =IFERROR(IF(COUNTIFS(INVENTORY!$J:$J,$A22,INVENTORY!$D:$D,$B22, INVENTORY!#REF!,">0")/$C22=1,"",COUNTIFS(INVENTORY!$J:$J,$A22,INVENTORY!$D:$D,$B22,INVENTORY!#REF!,">0")/$C22),"N/A") -> N/A | F22: =IFERROR(IF(COUNTIFS(INVENTORY!$J:$J,$A22,INVENTORY!$D:$D,$B22, INVENTORY!#REF!,">0")/$C22=1,"",COUNTIFS(INVENTORY!$J:$J,$A22,INVENTORY!$D:$D,$B22,INVENTORY!#REF!,">0")/$C22),"N/A") -> N/A | G22: =IFERROR(IF(COUNTIFS(INVENTORY!$J:$J,$A22,INVENTORY!$D:$D,$B22, INVENTORY!#REF!,">0")/$C22=1,"",COUNTIFS(INVENTORY!$J:$J,$A22,INVENTORY!$D:$D,$B22,INVENTORY!#REF!,">0")/$C22),"N/A") -> N/A | H22: =IFERROR(IF(COUNTIFS(INVENTORY!$J:$J,$A22,INVENTORY!$D:$D,$B22, INVENTORY!#REF!,">0")/$C22=1,"",COUNTIFS(INVENTORY!$J:$J,$A22,INVENTORY!$D:$D,$B22,INVENTORY!#REF!,">0")/$C22),"N/A") -> N/A
A23: Forged SIERRA | B23: SET | C23: 29 | D23: =IFERROR(IF(COUNTIFS(INVENTORY!$J:$J,$A23,INVENTORY!$D:$D,$B23, INVENTORY!Q:Q,">0")/$C23=1,"",COUNTIFS(INVENTORY!$J:$J,$A23,INVENTORY!$D:$D,$B23,INVENTORY!Q:Q,">0")/$C23),"N/A") -> 0.10344828 | E23: =IFERROR(IF(COUNTIFS(INVENTORY!$J:$J,$A23,INVENTORY!$D:$D,$B23, INVENTORY!#REF!,">0")/$C23=1,"",COUNTIFS(INVENTORY!$J:$J,$A23,INVENTORY!$D:$D,$B23,INVENTORY!#REF!,">0")/$C23),"N/A") -> N/A | F23: =IFERROR(IF(COUNTIFS(INVENTORY!$J:$J,$A23,INVENTORY!$D:$D,$B23, INVENTORY!#REF!,">0")/$C23=1,"",COUNTIFS(INVENTORY!$J:$J,$A23,INVENTORY!$D:$D,$B23,INVENTORY!#REF!,">0")/$C23),"N/A") -> N/A | G23: =IFERROR(IF(COUNTIFS(INVENTORY!$J:$J,$A23,INVENTORY!$D:$D,$B23, INVENTORY!#REF!,">0")/$C23=1,"",COUNTIFS(INVENTORY!$J:$J,$A23,INVENTORY!$D:$D,$B23,INVENTORY!#REF!,">0")/$C23),"N/A") -> N/A | H23: =IFERROR(IF(COUNTIFS(INVENTORY!$J:$J,$A23,INVENTORY!$D:$D,$B23, INVENTORY!#REF!,">0")/$C23=1,"",COUNTIFS(INVENTORY!$J:$J,$A23,INVENTORY!$D:$D,$B23,INVENTORY!#REF!,">0")/$C23),"N/A") -> N/A
A24: Forged MIDNIGHT | B24: SET | C24: 29 | D24: =IFERROR(IF(COUNTIFS(INVENTORY!$J:$J,$A24,INVENTORY!$D:$D,$B24, INVENTORY!Q:Q,">0")/$C24=1,"",COUNTIFS(INVENTORY!$J:$J,$A24,INVENTORY!$D:$D,$B24,INVENTORY!Q:Q,">0")/$C24),"N/A") -> 0.5862069 | E24: =IFERROR(IF(COUNTIFS(INVENTORY!$J:$J,$A24,INVENTORY!$D:$D,$B24, INVENTORY!#REF!,">0")/$C24=1,"",COUNTIFS(INVENTORY!$J:$J,$A24,INVENTORY!$D:$D,$B24,INVENTORY!#REF!,">0")/$C24),"N/A") -> N/A | F24: =IFERROR(IF(COUNTIFS(INVENTORY!$J:$J,$A24,INVENTORY!$D:$D,$B24, INVENTORY!#REF!,">0")/$C24=1,"",COUNTIFS(INVENTORY!$J:$J,$A24,INVENTORY!$D:$D,$B24,INVENTORY!#REF!,">0")/$C24),"N/A") -> N/A | G24: =IFERROR(IF(COUNTIFS(INVENTORY!$J:$J,$A24,INVENTORY!$D:$D,$B24, INVENTORY!#REF!,">0")/$C24=1,"",COUNTIFS(INVENTORY!$J:$J,$A24,INVENTORY!$D:$D,$B24,INVENTORY!#REF!,">0")/$C24),"N/A") -> N/A | H24: =IFERROR(IF(COUNTIFS(INVENTORY!$J:$J,$A24,INVENTORY!$D:$D,$B24, INVENTORY!#REF!,">0")/$C24=1,"",COUNTIFS(INVENTORY!$J:$J,$A24,INVENTORY!$D:$D,$B24,INVENTORY!#REF!,">0")/$C24),"N/A") -> N/A
A25: Forged WALNUT | B25: SET | C25: 29 | D25: =IFERROR(IF(COUNTIFS(INVENTORY!$J:$J,$A25,INVENTORY!$D:$D,$B25, INVENTORY!Q:Q,">0")/$C25=1,"",COUNTIFS(INVENTORY!$J:$J,$A25,INVENTORY!$D:$D,$B25,INVENTORY!Q:Q,">0")/$C25),"N/A") -> 0.24137931 | E25: =IFERROR(IF(COUNTIFS(INVENTORY!$J:$J,$A25,INVENTORY!$D:$D,$B25, INVENTORY!#REF!,">0")/$C25=1,"",COUNTIFS(INVENTORY!$J:$J,$A25,INVENTORY!$D:$D,$B25,INVENTORY!#REF!,">0")/$C25),"N/A") -> N/A | F25: =IFERROR(IF(COUNTIFS(INVENTORY!$J:$J,$A25,INVENTORY!$D:$D,$B25, INVENTORY!#REF!,">0")/$C25=1,"",COUNTIFS(INVENTORY!$J:$J,$A25,INVENTORY!$D:$D,$B25,INVENTORY!#REF!,">0")/$C25),"N/A") -> N/A | G25: =IFERROR(IF(COUNTIFS(INVENTORY!$J:$J,$A25,INVENTORY!$D:$D,$B25, INVENTORY!#REF!,">0")/$C25=1,"",COUNTIFS(INVENTORY!$J:$J,$A25,INVENTORY!$D:$D,$B25,INVENTORY!#REF!,">0")/$C25),"N/A") -> N/A | H25: =IFERROR(IF(COUNTIFS(INVENTORY!$J:$J,$A25,INVENTORY!$D:$D,$B25, INVENTORY!#REF!,">0")/$C25=1,"",COUNTIFS(INVENTORY!$J:$J,$A25,INVENTORY!$D:$D,$B25,INVENTORY!#REF!,">0")/$C25),"N/A") -> N/A
A26: BBQ Premier | B26: SET | C26: =COUNTIFS(INVENTORY!D:D,B26,INVENTORY!J:J,'IN STOCK%'!A26) -> 3 | D26: =IFERROR(IF(COUNTIFS(INVENTORY!$J:$J,$A26,INVENTORY!$D:$D,$B26, INVENTORY!Q:Q,">0")/$C26=1,"",COUNTIFS(INVENTORY!$J:$J,$A26,INVENTORY!$D:$D,$B26,INVENTORY!Q:Q,">0")/$C26),"N/A") | E26: =IFERROR(IF(COUNTIFS(INVENTORY!$J:$J,$A26,INVENTORY!$D:$D,$B26, INVENTORY!#REF!,">0")/$C26=1,"",COUNTIFS(INVENTORY!$J:$J,$A26,INVENTORY!$D:$D,$B26,INVENTORY!#REF!,">0")/$C26),"N/A") -> N/A | F26: =IFERROR(IF(COUNTIFS(INVENTORY!$J:$J,$A26,INVENTORY!$D:$D,$B26, INVENTORY!#REF!,">0")/$C26=1,"",COUNTIFS(INVENTORY!$J:$J,$A26,INVENTORY!$D:$D,$B26,INVENTORY!#REF!,">0")/$C26),"N/A") -> N/A | G26: =IFERROR(IF(COUNTIFS(INVENTORY!$J:$J,$A26,INVENTORY!$D:$D,$B26, INVENTORY!#REF!,">0")/$C26=1,"",COUNTIFS(INVENTORY!$J:$J,$A26,INVENTORY!$D:$D,$B26,INVENTORY!#REF!,">0")/$C26),"N/A") -> N/A | H26: =IFERROR(IF(COUNTIFS(INVENTORY!$J:$J,$A26,INVENTORY!$D:$D,$B26, INVENTORY!#REF!,">0")/$C26=1,"",COUNTIFS(INVENTORY!$J:$J,$A26,INVENTORY!$D:$D,$B26,INVENTORY!#REF!,">0")/$C26),"N/A") -> N/A
A27: BBQ Tail-gater™ | B27: SET | C27: =COUNTIFS(INVENTORY!D:D,B27,INVENTORY!J:J,'IN STOCK%'!A27) -> 2 | D27: =IFERROR(IF(COUNTIFS(INVENTORY!$J:$J,$A27,INVENTORY!$D:$D,$B27, INVENTORY!Q:Q,">0")/$C27=1,"",COUNTIFS(INVENTORY!$J:$J,$A27,INVENTORY!$D:$D,$B27,INVENTORY!Q:Q,">0")/$C27),"N/A") | E27: =IFERROR(IF(COUNTIFS(INVENTORY!$J:$J,$A27,INVENTORY!$D:$D,$B27, INVENTORY!#REF!,">0")/$C27=1,"",COUNTIFS(INVENTORY!$J:$J,$A27,INVENTORY!$D:$D,$B27,INVENTORY!#REF!,">0")/$C27),"N/A") -> N/A | F27: =IFERROR(IF(COUNTIFS(INVENTORY!$J:$J,$A27,INVENTORY!$D:$D,$B27, INVENTORY!#REF!,">0")/$C27=1,"",COUNTIFS(INVENTORY!$J:$J,$A27,INVENTORY!$D:$D,$B27,INVENTORY!#REF!,">0")/$C27),"N/A") -> N/A | G27: =IFERROR(IF(COUNTIFS(INVENTORY!$J:$J,$A27,INVENTORY!$D:$D,$B27, INVENTORY!#REF!,">0")/$C27=1,"",COUNTIFS(INVENTORY!$J:$J,$A27,INVENTORY!$D:$D,$B27,INVENTORY!#REF!,">0")/$C27),"N/A") -> N/A | H27: =IFERROR(IF(COUNTIFS(INVENTORY!$J:$J,$A27,INVENTORY!$D:$D,$B27, INVENTORY!#REF!,">0")/$C27=1,"",COUNTIFS(INVENTORY!$J:$J,$A27,INVENTORY!$D:$D,$B27,INVENTORY!#REF!,">0")/$C27),"N/A") -> N/A
A28: Brad Leone | B28: SET | C28: 2 | D28: =IFERROR(IF(COUNTIFS(INVENTORY!$J:$J,$A28,INVENTORY!$D:$D,$B28, INVENTORY!Q:Q,">0")/$C28=1,"",COUNTIFS(INVENTORY!$J:$J,$A28,INVENTORY!$D:$D,$B28,INVENTORY!Q:Q,">0")/$C28),"N/A") -> 0 | E28: =IFERROR(IF(COUNTIFS(INVENTORY!$J:$J,$A28,INVENTORY!$D:$D,$B28, INVENTORY!#REF!,">0")/$C28=1,"",COUNTIFS(INVENTORY!$J:$J,$A28,INVENTORY!$D:$D,$B28,INVENTORY!#REF!,">0")/$C28),"N/A") -> N/A | F28: =IFERROR(IF(COUNTIFS(INVENTORY!$J:$J,$A28,INVENTORY!$D:$D,$B28, INVENTORY!#REF!,">0")/$C28=1,"",COUNTIFS(INVENTORY!$J:$J,$A28,INVENTORY!$D:$D,$B28,INVENTORY!#REF!,">0")/$C28),"N/A") -> N/A | G28: =IFERROR(IF(COUNTIFS(INVENTORY!$J:$J,$A28,INVENTORY!$D:$D,$B28, INVENTORY!#REF!,">0")/$C28=1,"",COUNTIFS(INVENTORY!$J:$J,$A28,INVENTORY!$D:$D,$B28,INVENTORY!#REF!,">0")/$C28),"N/A") -> N/A | H28: =IFERROR(IF(COUNTIFS(INVENTORY!$J:$J,$A28,INVENTORY!$D:$D,$B28, INVENTORY!#REF!,">0")/$C28=1,"",COUNTIFS(INVENTORY!$J:$J,$A28,INVENTORY!$D:$D,$B28,INVENTORY!#REF!,">0")/$C28),"N/A") -> N/A
A29: Vintage Walnut | B29: SET | C29: 21 | D29: =IFERROR(IF(COUNTIFS(INVENTORY!$J:$J,$A29,INVENTORY!$D:$D,$B29, INVENTORY!Q:Q,">0")/$C29=1,"",COUNTIFS(INVENTORY!$J:$J,$A29,INVENTORY!$D:$D,$B29,INVENTORY!Q:Q,">0")/$C29),"N/A") -> 0.9047619 | E29: =IFERROR(IF(COUNTIFS(INVENTORY!$J:$J,$A29,INVENTORY!$D:$D,$B29, INVENTORY!#REF!,">0")/$C29=1,"",COUNTIFS(INVENTORY!$J:$J,$A29,INVENTORY!$D:$D,$B29,INVENTORY!#REF!,">0")/$C29),"N/A") -> N/A | F29: =IFERROR(IF(COUNTIFS(INVENTORY!$J:$J,$A29,INVENTORY!$D:$D,$B29, INVENTORY!#REF!,">0")/$C29=1,"",COUNTIFS(INVENTORY!$J:$J,$A29,INVENTORY!$D:$D,$B29,INVENTORY!#REF!,">0")/$C29),"N/A") -> N/A | G29: =IFERROR(IF(COUNTIFS(INVENTORY!$J:$J,$A29,INVENTORY!$D:$D,$B29, INVENTORY!#REF!,">0")/$C29=1,"",COUNTIFS(INVENTORY!$J:$J,$A29,INVENTORY!$D:$D,$B29,INVENTORY!#REF!,">0")/$C29),"N/A") -> N/A | H29: =IFERROR(IF(COUNTIFS(INVENTORY!$J:$J,$A29,INVENTORY!$D:$D,$B29, INVENTORY!#REF!,">0")/$C29=1,"",COUNTIFS(INVENTORY!$J:$J,$A29,INVENTORY!$D:$D,$B29,INVENTORY!#REF!,">0")/$C29),"N/A") -> N/A
A30: Walnut Kitchen Tools | B30: SET | C30: 5 | D30: =IFERROR(IF(COUNTIFS(INVENTORY!$J:$J,$A30,INVENTORY!$D:$D,$B30, INVENTORY!Q:Q,">0")/$C30=1,"",COUNTIFS(INVENTORY!$J:$J,$A30,INVENTORY!$D:$D,$B30,INVENTORY!Q:Q,">0")/$C30),"N/A") | E30: =IFERROR(IF(COUNTIFS(INVENTORY!$J:$J,$A30,INVENTORY!$D:$D,$B30, INVENTORY!#REF!,">0")/$C30=1,"",COUNTIFS(INVENTORY!$J:$J,$A30,INVENTORY!$D:$D,$B30,INVENTORY!#REF!,">0")/$C30),"N/A") -> N/A | F30: =IFERROR(IF(COUNTIFS(INVENTORY!$J:$J,$A30,INVENTORY!$D:$D,$B30, INVENTORY!#REF!,">0")/$C30=1,"",COUNTIFS(INVENTORY!$J:$J,$A30,INVENTORY!$D:$D,$B30,INVENTORY!#REF!,">0")/$C30),"N/A") -> N/A | G30: =IFERROR(IF(COUNTIFS(INVENTORY!$J:$J,$A30,INVENTORY!$D:$D,$B30, INVENTORY!#REF!,">0")/$C30=1,"",COUNTIFS(INVENTORY!$J:$J,$A30,INVENTORY!$D:$D,$B30,INVENTORY!#REF!,">0")/$C30),"N/A") -> N/A | H30: =IFERROR(IF(COUNTIFS(INVENTORY!$J:$J,$A30,INVENTORY!$D:$D,$B30, INVENTORY!#REF!,">0")/$C30=1,"",COUNTIFS(INVENTORY!$J:$J,$A30,INVENTORY!$D:$D,$B30,INVENTORY!#REF!,">0")/$C30),"N/A") -> N/A
A31: POM Kitchen Tools | B31: SET | C31: =COUNTIFS(INVENTORY!D:D,B31,INVENTORY!J:J,'IN STOCK%'!A31) -> 3 | D31: =IFERROR(IF(COUNTIFS(INVENTORY!$J:$J,$A31,INVENTORY!$D:$D,$B31, INVENTORY!Q:Q,">0")/$C31=1,"",COUNTIFS(INVENTORY!$J:$J,$A31,INVENTORY!$D:$D,$B31,INVENTORY!Q:Q,">0")/$C31),"N/A") | E31: =IFERROR(IF(COUNTIFS(INVENTORY!$J:$J,$A31,INVENTORY!$D:$D,$B31, INVENTORY!#REF!,">0")/$C31=1,"",COUNTIFS(INVENTORY!$J:$J,$A31,INVENTORY!$D:$D,$B31,INVENTORY!#REF!,">0")/$C31),"N/A") -> N/A | F31: =IFERROR(IF(COUNTIFS(INVENTORY!$J:$J,$A31,INVENTORY!$D:$D,$B31, INVENTORY!#REF!,">0")/$C31=1,"",COUNTIFS(INVENTORY!$J:$J,$A31,INVENTORY!$D:$D,$B31,INVENTORY!#REF!,">0")/$C31),"N/A") -> N/A | G31: =IFERROR(IF(COUNTIFS(INVENTORY!$J:$J,$A31,INVENTORY!$D:$D,$B31, INVENTORY!#REF!,">0")/$C31=1,"",COUNTIFS(INVENTORY!$J:$J,$A31,INVENTORY!$D:$D,$B31,INVENTORY!#REF!,">0")/$C31),"N/A") -> N/A | H31: =IFERROR(IF(COUNTIFS(INVENTORY!$J:$J,$A31,INVENTORY!$D:$D,$B31, INVENTORY!#REF!,">0")/$C31=1,"",COUNTIFS(INVENTORY!$J:$J,$A31,INVENTORY!$D:$D,$B31,INVENTORY!#REF!,">0")/$C31),"N/A") -> N/A
A32: TreeSpirit™ | B32: SET | C32: 6 | D32: =IFERROR(IF(COUNTIFS(INVENTORY!$J:$J,$A32,INVENTORY!$D:$D,$B32, INVENTORY!Q:Q,">0")/$C32=1,"",COUNTIFS(INVENTORY!$J:$J,$A32,INVENTORY!$D:$D,$B32,INVENTORY!Q:Q,">0")/$C32),"N/A") | E32: =IFERROR(IF(COUNTIFS(INVENTORY!$J:$J,$A32,INVENTORY!$D:$D,$B32, INVENTORY!#REF!,">0")/$C32=1,"",COUNTIFS(INVENTORY!$J:$J,$A32,INVENTORY!$D:$D,$B32,INVENTORY!#REF!,">0")/$C32),"N/A") -> N/A | F32: =IFERROR(IF(COUNTIFS(INVENTORY!$J:$J,$A32,INVENTORY!$D:$D,$B32, INVENTORY!#REF!,">0")/$C32=1,"",COUNTIFS(INVENTORY!$J:$J,$A32,INVENTORY!$D:$D,$B32,INVENTORY!#REF!,">0")/$C32),"N/A") -> N/A | G32: =IFERROR(IF(COUNTIFS(INVENTORY!$J:$J,$A32,INVENTORY!$D:$D,$B32, INVENTORY!#REF!,">0")/$C32=1,"",COUNTIFS(INVENTORY!$J:$J,$A32,INVENTORY!$D:$D,$B32,INVENTORY!#REF!,">0")/$C32),"N/A") -> N/A | H32: =IFERROR(IF(COUNTIFS(INVENTORY!$J:$J,$A32,INVENTORY!$D:$D,$B32, INVENTORY!#REF!,">0")/$C32=1,"",COUNTIFS(INVENTORY!$J:$J,$A32,INVENTORY!$D:$D,$B32,INVENTORY!#REF!,">0")/$C32),"N/A") -> N/A
A33: M VINTAGE G-10 | B33: SET | C33: =COUNTIFS(INVENTORY!D:D,B33,INVENTORY!J:J,'IN STOCK%'!A33) -> 21 | D33: =IFERROR(IF(COUNTIFS(INVENTORY!$J:$J,$A33,INVENTORY!$D:$D,$B33, INVENTORY!Q:Q,">0")/$C33=1,"",COUNTIFS(INVENTORY!$J:$J,$A33,INVENTORY!$D:$D,$B33,INVENTORY!Q:Q,">0")/$C33),"N/A") -> 0.71428571 | E33: =IFERROR(IF(COUNTIFS(INVENTORY!$J:$J,$A33,INVENTORY!$D:$D,$B33, INVENTORY!#REF!,">0")/$C33=1,"",COUNTIFS(INVENTORY!$J:$J,$A33,INVENTORY!$D:$D,$B33,INVENTORY!#REF!,">0")/$C33),"N/A") -> N/A | F33: =IFERROR(IF(COUNTIFS(INVENTORY!$J:$J,$A33,INVENTORY!$D:$D,$B33, INVENTORY!#REF!,">0")/$C33=1,"",COUNTIFS(INVENTORY!$J:$J,$A33,INVENTORY!$D:$D,$B33,INVENTORY!#REF!,">0")/$C33),"N/A") -> N/A | G33: =IFERROR(IF(COUNTIFS(INVENTORY!$J:$J,$A33,INVENTORY!$D:$D,$B33, INVENTORY!#REF!,">0")/$C33=1,"",COUNTIFS(INVENTORY!$J:$J,$A33,INVENTORY!$D:$D,$B33,INVENTORY!#REF!,">0")/$C33),"N/A") -> N/A | H33: =IFERROR(IF(COUNTIFS(INVENTORY!$J:$J,$A33,INVENTORY!$D:$D,$B33, INVENTORY!#REF!,">0")/$C33=1,"",COUNTIFS(INVENTORY!$J:$J,$A33,INVENTORY!$D:$D,$B33,INVENTORY!#REF!,">0")/$C33),"N/A") -> N/A
A35: LEGEND
B36: 1
A37: GREEN | B37: >90%
A38: BLUE | B38: 80% - 89%
A39: YELLOW | B39: 70% - 79%
A40: RED | B40: <69%

Sheet OOS STOCK% 
A1: OUT OF STOCK % REPORT
A2: CATEGORY | B2: EA/SET | C2: # Items | D2: 45947 | E2: 45950 | F2: 45951 | G2: 45952 | H2: 45953
A3: Forged FIRE | B3: EA | C3: 24 | D3: =IFERROR(IF(COUNTIFS(INVENTORY!$J:$J,$A3,INVENTORY!$D:$D,$B3,INVENTORY!#REF!,">0")/$C3=1,"",1-COUNTIFS(INVENTORY!$J:$J,$A3,INVENTORY!$D:$D,$B3,INVENTORY!#REF!,">0")/$C3),"N/A") -> N/A | E3: 0.083333333 | F3: 0.083333333 | G3: 0.041666667 | H3: =IFERROR(IF(COUNTIFS(INVENTORY!$J:$J,$A3,INVENTORY!$D:$D,$B3,INVENTORY!#REF!,">0")/$C3=1,"",1-COUNTIFS(INVENTORY!$J:$J,$A3,INVENTORY!$D:$D,$B3,INVENTORY!#REF!,">0")/$C3),"N/A") -> N/A
A4: Forged ICE | B4: EA | C4: 24 | D4: =IFERROR(IF(COUNTIFS(INVENTORY!$J:$J,$A4,INVENTORY!$D:$D,$B4,INVENTORY!#REF!,">0")/$C4=1,"",1-COUNTIFS(INVENTORY!$J:$J,$A4,INVENTORY!$D:$D,$B4,INVENTORY!#REF!,">0")/$C4),"N/A") -> N/A | E4: 0.041666667 | F4: 0.041666667 | G4: 0.041666667 | H4: =IFERROR(IF(COUNTIFS(INVENTORY!$J:$J,$A4,INVENTORY!$D:$D,$B4,INVENTORY!#REF!,">0")/$C4=1,"",1-COUNTIFS(INVENTORY!$J:$J,$A4,INVENTORY!$D:$D,$B4,INVENTORY!#REF!,">0")/$C4),"N/A") -> N/A
A5: Forged SIERRA | B5: EA | C5: 24 | D5: =IFERROR(IF(COUNTIFS(INVENTORY!$J:$J,$A5,INVENTORY!$D:$D,$B5,INVENTORY!#REF!,">0")/$C5=1,"",1-COUNTIFS(INVENTORY!$J:$J,$A5,INVENTORY!$D:$D,$B5,INVENTORY!#REF!,">0")/$C5),"N/A") -> N/A | E5: 0.041666667 | F5: 0.041666667 | G5: 0.041666667 | H5: =IFERROR(IF(COUNTIFS(INVENTORY!$J:$J,$A5,INVENTORY!$D:$D,$B5,INVENTORY!#REF!,">0")/$C5=1,"",1-COUNTIFS(INVENTORY!$J:$J,$A5,INVENTORY!$D:$D,$B5,INVENTORY!#REF!,">0")/$C5),"N/A") -> N/A
A6: Forged MIDNIGHT | B6: EA | C6: 24 | D6: =IFERROR(IF(COUNTIFS(INVENTORY!$J:$J,$A6,INVENTORY!$D:$D,$B6,INVENTORY!#REF!,">0")/$C6=1,"",1-COUNTIFS(INVENTORY!$J:$J,$A6,INVENTORY!$D:$D,$B6,INVENTORY!#REF!,">0")/$C6),"N/A") -> N/A | E6: 0.041666667 | F6: 0.041666667 | G6: 0.041666667 | H6: =IFERROR(IF(COUNTIFS(INVENTORY!$J:$J,$A6,INVENTORY!$D:$D,$B6,INVENTORY!#REF!,">0")/$C6=1,"",1-COUNTIFS(INVENTORY!$J:$J,$A6,INVENTORY!$D:$D,$B6,INVENTORY!#REF!,">0")/$C6),"N/A") -> N/A
A7: Forged WALNUT | B7: EA | C7: 24 | D7: =IFERROR(IF(COUNTIFS(INVENTORY!$J:$J,$A7,INVENTORY!$D:$D,$B7,INVENTORY!#REF!,">0")/$C7=1,"",1-COUNTIFS(INVENTORY!$J:$J,$A7,INVENTORY!$D:$D,$B7,INVENTORY!#REF!,">0")/$C7),"N/A") -> N/A | H7: =IFERROR(IF(COUNTIFS(INVENTORY!$J:$J,$A7,INVENTORY!$D:$D,$B7,INVENTORY!#REF!,">0")/$C7=1,"",1-COUNTIFS(INVENTORY!$J:$J,$A7,INVENTORY!$D:$D,$B7,INVENTORY!#REF!,">0")/$C7),"N/A") -> N/A
A8: BBQ Premier | B8: EA | C8: 6 | D8: =IFERROR(IF(COUNTIFS(INVENTORY!$J:$J,$A8,INVENTORY!$D:$D,$B8,INVENTORY!#REF!,">0")/$C8=1,"",1-COUNTIFS(INVENTORY!$J:$J,$A8,INVENTORY!$D:$D,$B8,INVENTORY!#REF!,">0")/$C8),"N/A") -> N/A | H8: =IFERROR(IF(COUNTIFS(INVENTORY!$J:$J,$A8,INVENTORY!$D:$D,$B8,INVENTORY!#REF!,">0")/$C8=1,"",1-COUNTIFS(INVENTORY!$J:$J,$A8,INVENTORY!$D:$D,$B8,INVENTORY!#REF!,">0")/$C8),"N/A") -> N/A
A9: BBQ Tail-gater™ | B9: EA | C9: 5 | D9: =IFERROR(IF(COUNTIFS(INVENTORY!$J:$J,$A9,INVENTORY!$D:$D,$B9,INVENTORY!#REF!,">0")/$C9=1,"",1-COUNTIFS(INVENTORY!$J:$J,$A9,INVENTORY!$D:$D,$B9,INVENTORY!#REF!,">0")/$C9),"N/A") -> N/A | H9: =IFERROR(IF(COUNTIFS(INVENTORY!$J:$J,$A9,INVENTORY!$D:$D,$B9,INVENTORY!#REF!,">0")/$C9=1,"",1-COUNTIFS(INVENTORY!$J:$J,$A9,INVENTORY!$D:$D,$B9,INVENTORY!#REF!,">0")/$C9),"N/A") -> N/A
A10: Brad Leone | B10: EA | C10: 10 | D10: =IFERROR(IF(COUNTIFS(INVENTORY!$J:$J,$A10,INVENTORY!$D:$D,$B10,INVENTORY!#REF!,">0")/$C10=1,"",1-COUNTIFS(INVENTORY!$J:$J,$A10,INVENTORY!$D:$D,$B10,INVENTORY!#REF!,">0")/$C10),"N/A") -> N/A | E10: 0.7 | F10: 0.7 | G10: 0.7 | H10: =IFERROR(IF(COUNTIFS(INVENTORY!$J:$J,$A10,INVENTORY!$D:$D,$B10,INVENTORY!#REF!,">0")/$C10=1,"",1-COUNTIFS(INVENTORY!$J:$J,$A10,INVENTORY!$D:$D,$B10,INVENTORY!#REF!,">0")/$C10),"N/A") -> N/A
A11: Vintage Walnut | B11: EA | C11: 20 | D11: =IFERROR(IF(COUNTIFS(INVENTORY!$J:$J,$A11,INVENTORY!$D:$D,$B11,INVENTORY!#REF!,">0")/$C11=1,"",1-COUNTIFS(INVENTORY!$J:$J,$A11,INVENTORY!$D:$D,$B11,INVENTORY!#REF!,">0")/$C11),"N/A") -> N/A | E11: 0.05 | G11: 0.05 | H11: =IFERROR(IF(COUNTIFS(INVENTORY!$J:$J,$A11,INVENTORY!$D:$D,$B11,INVENTORY!#REF!,">0")/$C11=1,"",1-COUNTIFS(INVENTORY!$J:$J,$A11,INVENTORY!$D:$D,$B11,INVENTORY!#REF!,">0")/$C11),"N/A") -> N/A
A12: Walnut Kitchen Tools | B12: EA | C12: 28 | D12: =IFERROR(IF(COUNTIFS(INVENTORY!$J:$J,$A12,INVENTORY!$D:$D,$B12,INVENTORY!#REF!,">0")/$C12=1,"",1-COUNTIFS(INVENTORY!$J:$J,$A12,INVENTORY!$D:$D,$B12,INVENTORY!#REF!,">0")/$C12),"N/A") -> N/A | E12: 0.17857143 | F12: 0.17857143 | G12: 0.17857143 | H12: =IFERROR(IF(COUNTIFS(INVENTORY!$J:$J,$A12,INVENTORY!$D:$D,$B12,INVENTORY!#REF!,">0")/$C12=1,"",1-COUNTIFS(INVENTORY!$J:$J,$A12,INVENTORY!$D:$D,$B12,INVENTORY!#REF!,">0")/$C12),"N/A") -> N/A
A13: POM Kitchen Tools | B13: EA | C13: 20 | D13: =IFERROR(IF(COUNTIFS(INVENTORY!$J:$J,$A13,INVENTORY!$D:$D,$B13,INVENTORY!#REF!,">0")/$C13=1,"",1-COUNTIFS(INVENTORY!$J:$J,$A13,INVENTORY!$D:$D,$B13,INVENTORY!#REF!,">0")/$C13),"N/A") -> N/A | E13: 0.05 | H13: =IFERROR(IF(COUNTIFS(INVENTORY!$J:$J,$A13,INVENTORY!$D:$D,$B13,INVENTORY!#REF!,">0")/$C13=1,"",1-COUNTIFS(INVENTORY!$J:$J,$A13,INVENTORY!$D:$D,$B13,INVENTORY!#REF!,">0")/$C13),"N/A") -> N/A
A14: Accessories | B14: EA | C14: 30 | D14: =IFERROR(IF(COUNTIFS(INVENTORY!$J:$J,$A14,INVENTORY!$D:$D,$B14,INVENTORY!#REF!,">0")/$C14=1,"",1-COUNTIFS(INVENTORY!$J:$J,$A14,INVENTORY!$D:$D,$B14,INVENTORY!#REF!,">0")/$C14),"N/A") -> N/A | E14: 0.033333333 | F14: 0.033333333 | G14: 0.033333333 | H14: =IFERROR(IF(COUNTIFS(INVENTORY!$J:$J,$A14,INVENTORY!$D:$D,$B14,INVENTORY!#REF!,">0")/$C14=1,"",1-COUNTIFS(INVENTORY!$J:$J,$A14,INVENTORY!$D:$D,$B14,INVENTORY!#REF!,">0")/$C14),"N/A") -> N/A
A15: TreeSpirit™ | B15: EA | C15: 41 | D15: =IFERROR(IF(COUNTIFS(INVENTORY!$J:$J,$A15,INVENTORY!$D:$D,$B15,INVENTORY!#REF!,">0")/$C15=1,"",1-COUNTIFS(INVENTORY!$J:$J,$A15,INVENTORY!$D:$D,$B15,INVENTORY!#REF!,">0")/$C15),"N/A") -> N/A | E15: 0.073170732 | F15: 0.073170732 | G15: 0.073170732 | H15: =IFERROR(IF(COUNTIFS(INVENTORY!$J:$J,$A15,INVENTORY!$D:$D,$B15,INVENTORY!#REF!,">0")/$C15=1,"",1-COUNTIFS(INVENTORY!$J:$J,$A15,INVENTORY!$D:$D,$B15,INVENTORY!#REF!,">0")/$C15),"N/A") -> N/A
A16: M VINTAGE POM | B16: EA | C16: 20 | D16: =IFERROR(IF(COUNTIFS(INVENTORY!$J:$J,$A16,INVENTORY!$D:$D,$B16,INVENTORY!#REF!,">0")/$C16=1,"",1-COUNTIFS(INVENTORY!$J:$J,$A16,INVENTORY!$D:$D,$B16,INVENTORY!#REF!,">0")/$C16),"N/A") -> N/A | E16: 0.8 | F16: 0.8 | G16: 0.9 | H16: =IFERROR(IF(COUNTIFS(INVENTORY!$J:$J,$A16,INVENTORY!$D:$D,$B16,INVENTORY!#REF!,">0")/$C16=1,"",1-COUNTIFS(INVENTORY!$J:$J,$A16,INVENTORY!$D:$D,$B16,INVENTORY!#REF!,">0")/$C16),"N/A") -> N/A
A17: Granny Tools | B17: EA | C17: 6 | D17: =IFERROR(IF(COUNTIFS(INVENTORY!$J:$J,$A17,INVENTORY!$D:$D,$B17,INVENTORY!#REF!,">0")/$C17=1,"",1-COUNTIFS(INVENTORY!$J:$J,$A17,INVENTORY!$D:$D,$B17,INVENTORY!#REF!,">0")/$C17),"N/A") -> N/A | H17: =IFERROR(IF(COUNTIFS(INVENTORY!$J:$J,$A17,INVENTORY!$D:$D,$B17,INVENTORY!#REF!,">0")/$C17=1,"",1-COUNTIFS(INVENTORY!$J:$J,$A17,INVENTORY!$D:$D,$B17,INVENTORY!#REF!,">0")/$C17),"N/A") -> N/A
A18: Vintage PINK POM | B18: EA | C18: 5 | D18: =IFERROR(IF(COUNTIFS(INVENTORY!$J:$J,$A18,INVENTORY!$D:$D,$B18,INVENTORY!#REF!,">0")/$C18=1,"",1-COUNTIFS(INVENTORY!$J:$J,$A18,INVENTORY!$D:$D,$B18,INVENTORY!#REF!,">0")/$C18),"N/A") -> N/A | H18: =IFERROR(IF(COUNTIFS(INVENTORY!$J:$J,$A18,INVENTORY!$D:$D,$B18,INVENTORY!#REF!,">0")/$C18=1,"",1-COUNTIFS(INVENTORY!$J:$J,$A18,INVENTORY!$D:$D,$B18,INVENTORY!#REF!,">0")/$C18),"N/A") -> N/A
A19: HotSpot™ | B19: EA | C19: 36 | D19: =IFERROR(IF(COUNTIFS(INVENTORY!$J:$J,$A19,INVENTORY!$D:$D,$B19,INVENTORY!#REF!,">0")/$C19=1,"",1-COUNTIFS(INVENTORY!$J:$J,$A19,INVENTORY!$D:$D,$B19,INVENTORY!#REF!,">0")/$C19),"N/A") -> N/A | E19: 0.055555556 | F19: 0.055555556 | G19: 0.055555556 | H19: =IFERROR(IF(COUNTIFS(INVENTORY!$J:$J,$A19,INVENTORY!$D:$D,$B19,INVENTORY!#REF!,">0")/$C19=1,"",1-COUNTIFS(INVENTORY!$J:$J,$A19,INVENTORY!$D:$D,$B19,INVENTORY!#REF!,">0")/$C19),"N/A") -> N/A
A20: KnifeSafe™ | B20: EA | C20: 11 | D20: =IFERROR(IF(COUNTIFS(INVENTORY!$J:$J,$A20,INVENTORY!$D:$D,$B20,INVENTORY!#REF!,">0")/$C20=1,"",1-COUNTIFS(INVENTORY!$J:$J,$A20,INVENTORY!$D:$D,$B20,INVENTORY!#REF!,">0")/$C20),"N/A") -> N/A | H20: =IFERROR(IF(COUNTIFS(INVENTORY!$J:$J,$A20,INVENTORY!$D:$D,$B20,INVENTORY!#REF!,">0")/$C20=1,"",1-COUNTIFS(INVENTORY!$J:$J,$A20,INVENTORY!$D:$D,$B20,INVENTORY!#REF!,">0")/$C20),"N/A") -> N/A
A21: Forged FIRE | B21: SET | C21: 29 | D21: =IFERROR(IF(COUNTIFS(INVENTORY!$J:$J,$A21,INVENTORY!$D:$D,$B21,INVENTORY!#REF!,">0")/$C21=1,"",1-COUNTIFS(INVENTORY!$J:$J,$A21,INVENTORY!$D:$D,$B21,INVENTORY!#REF!,">0")/$C21),"N/A") -> N/A | E21: 0.55172414 | F21: 0.4137931 | G21: 0.55172414 | H21: =IFERROR(IF(COUNTIFS(INVENTORY!$J:$J,$A21,INVENTORY!$D:$D,$B21,INVENTORY!#REF!,">0")/$C21=1,"",1-COUNTIFS(INVENTORY!$J:$J,$A21,INVENTORY!$D:$D,$B21,INVENTORY!#REF!,">0")/$C21),"N/A") -> N/A
A22: Forged ICE | B22: SET | C22: 29 | D22: =IFERROR(IF(COUNTIFS(INVENTORY!$J:$J,$A22,INVENTORY!$D:$D,$B22,INVENTORY!#REF!,">0")/$C22=1,"",1-COUNTIFS(INVENTORY!$J:$J,$A22,INVENTORY!$D:$D,$B22,INVENTORY!#REF!,">0")/$C22),"N/A") -> N/A | E22: 0.27586207 | F22: 0.75862069 | G22: 0.72413793 | H22: =IFERROR(IF(COUNTIFS(INVENTORY!$J:$J,$A22,INVENTORY!$D:$D,$B22,INVENTORY!#REF!,">0")/$C22=1,"",1-COUNTIFS(INVENTORY!$J:$J,$A22,INVENTORY!$D:$D,$B22,INVENTORY!#REF!,">0")/$C22),"N/A") -> N/A
A23: Forged SIERRA | B23: SET | C23: 29 | D23: =IFERROR(IF(COUNTIFS(INVENTORY!$J:$J,$A23,INVENTORY!$D:$D,$B23,INVENTORY!#REF!,">0")/$C23=1,"",1-COUNTIFS(INVENTORY!$J:$J,$A23,INVENTORY!$D:$D,$B23,INVENTORY!#REF!,">0")/$C23),"N/A") -> N/A | E23: 0.51724138 | F23: 0.79310345 | G23: 0.79310345 | H23: =IFERROR(IF(COUNTIFS(INVENTORY!$J:$J,$A23,INVENTORY!$D:$D,$B23,INVENTORY!#REF!,">0")/$C23=1,"",1-COUNTIFS(INVENTORY!$J:$J,$A23,INVENTORY!$D:$D,$B23,INVENTORY!#REF!,">0")/$C23),"N/A") -> N/A
A24: Forged MIDNIGHT | B24: SET | C24: 29 | D24: =IFERROR(IF(COUNTIFS(INVENTORY!$J:$J,$A24,INVENTORY!$D:$D,$B24,INVENTORY!#REF!,">0")/$C24=1,"",1-COUNTIFS(INVENTORY!$J:$J,$A24,INVENTORY!$D:$D,$B24,INVENTORY!#REF!,">0")/$C24),"N/A") -> N/A | E24: 0.27586207 | G24: 0.27586207 | H24: =IFERROR(IF(COUNTIFS(INVENTORY!$J:$J,$A24,INVENTORY!$D:$D,$B24,INVENTORY!#REF!,">0")/$C24=1,"",1-COUNTIFS(INVENTORY!$J:$J,$A24,INVENTORY!$D:$D,$B24,INVENTORY!#REF!,">0")/$C24),"N/A") -> N/A
A25: Forged WALNUT | B25: SET | C25: 29 | D25: =IFERROR(IF(COUNTIFS(INVENTORY!$J:$J,$A25,INVENTORY!$D:$D,$B25,INVENTORY!#REF!,">0")/$C25=1,"",1-COUNTIFS(INVENTORY!$J:$J,$A25,INVENTORY!$D:$D,$B25,INVENTORY!#REF!,">0")/$C25),"N/A") -> N/A | E25: 0.34482759 | F25: 0.44827586 | G25: 0.55172414 | H25: =IFERROR(IF(COUNTIFS(INVENTORY!$J:$J,$A25,INVENTORY!$D:$D,$B25,INVENTORY!#REF!,">0")/$C25=1,"",1-COUNTIFS(INVENTORY!$J:$J,$A25,INVENTORY!$D:$D,$B25,INVENTORY!#REF!,">0")/$C25),"N/A") -> N/A
A26: BBQ Premier | B26: SET | C26: 3 | D26: =IFERROR(IF(COUNTIFS(INVENTORY!$J:$J,$A26,INVENTORY!$D:$D,$B26,INVENTORY!#REF!,">0")/$C26=1,"",1-COUNTIFS(INVENTORY!$J:$J,$A26,INVENTORY!$D:$D,$B26,INVENTORY!#REF!,">0")/$C26),"N/A") -> N/A | E26: 0.33333333 | H26: =IFERROR(IF(COUNTIFS(INVENTORY!$J:$J,$A26,INVENTORY!$D:$D,$B26,INVENTORY!#REF!,">0")/$C26=1,"",1-COUNTIFS(INVENTORY!$J:$J,$A26,INVENTORY!$D:$D,$B26,INVENTORY!#REF!,">0")/$C26),"N/A") -> N/A
A27: BBQ Tail-gater™ | B27: SET | C27: 2 | D27: =IFERROR(IF(COUNTIFS(INVENTORY!$J:$J,$A27,INVENTORY!$D:$D,$B27,INVENTORY!#REF!,">0")/$C27=1,"",1-COUNTIFS(INVENTORY!$J:$J,$A27,INVENTORY!$D:$D,$B27,INVENTORY!#REF!,">0")/$C27),"N/A") -> N/A | H27: =IFERROR(IF(COUNTIFS(INVENTORY!$J:$J,$A27,INVENTORY!$D:$D,$B27,INVENTORY!#REF!,">0")/$C27=1,"",1-COUNTIFS(INVENTORY!$J:$J,$A27,INVENTORY!$D:$D,$B27,INVENTORY!#REF!,">0")/$C27),"N/A") -> N/A
A28: Brad Leone | B28: SET | C28: 4 | D28: =IFERROR(IF(COUNTIFS(INVENTORY!$J:$J,$A28,INVENTORY!$D:$D,$B28,INVENTORY!#REF!,">0")/$C28=1,"",1-COUNTIFS(INVENTORY!$J:$J,$A28,INVENTORY!$D:$D,$B28,INVENTORY!#REF!,">0")/$C28),"N/A") -> N/A | E28: 0.75 | F28: 0.75 | G28: 0.75 | H28: =IFERROR(IF(COUNTIFS(INVENTORY!$J:$J,$A28,INVENTORY!$D:$D,$B28,INVENTORY!#REF!,">0")/$C28=1,"",1-COUNTIFS(INVENTORY!$J:$J,$A28,INVENTORY!$D:$D,$B28,INVENTORY!#REF!,">0")/$C28),"N/A") -> N/A
A29: Vintage Walnut | B29: SET | C29: 27 | D29: =IFERROR(IF(COUNTIFS(INVENTORY!$J:$J,$A29,INVENTORY!$D:$D,$B29,INVENTORY!#REF!,">0")/$C29=1,"",1-COUNTIFS(INVENTORY!$J:$J,$A29,INVENTORY!$D:$D,$B29,INVENTORY!#REF!,">0")/$C29),"N/A") -> N/A | E29: 0.22222222 | F29: 0.14814815 | G29: 0.25925926 | H29: =IFERROR(IF(COUNTIFS(INVENTORY!$J:$J,$A29,INVENTORY!$D:$D,$B29,INVENTORY!#REF!,">0")/$C29=1,"",1-COUNTIFS(INVENTORY!$J:$J,$A29,INVENTORY!$D:$D,$B29,INVENTORY!#REF!,">0")/$C29),"N/A") -> N/A
A30: Walnut Kitchen Tools | B30: SET | C30: 2 | D30: =IFERROR(IF(COUNTIFS(INVENTORY!$J:$J,$A30,INVENTORY!$D:$D,$B30,INVENTORY!#REF!,">0")/$C30=1,"",1-COUNTIFS(INVENTORY!$J:$J,$A30,INVENTORY!$D:$D,$B30,INVENTORY!#REF!,">0")/$C30),"N/A") -> N/A | H30: =IFERROR(IF(COUNTIFS(INVENTORY!$J:$J,$A30,INVENTORY!$D:$D,$B30,INVENTORY!#REF!,">0")/$C30=1,"",1-COUNTIFS(INVENTORY!$J:$J,$A30,INVENTORY!$D:$D,$B30,INVENTORY!#REF!,">0")/$C30),"N/A") -> N/A
A31: POM Kitchen Tools | B31: SET | C31: 3 | D31: =IFERROR(IF(COUNTIFS(INVENTORY!$J:$J,$A31,INVENTORY!$D:$D,$B31,INVENTORY!#REF!,">0")/$C31=1,"",1-COUNTIFS(INVENTORY!$J:$J,$A31,INVENTORY!$D:$D,$B31,INVENTORY!#REF!,">0")/$C31),"N/A") -> N/A | E31: 0.33333333 | H31: =IFERROR(IF(COUNTIFS(INVENTORY!$J:$J,$A31,INVENTORY!$D:$D,$B31,INVENTORY!#REF!,">0")/$C31=1,"",1-COUNTIFS(INVENTORY!$J:$J,$A31,INVENTORY!$D:$D,$B31,INVENTORY!#REF!,">0")/$C31),"N/A") -> N/A
A32: TreeSpirit™ | B32: SET | C32: 11 | D32: =IFERROR(IF(COUNTIFS(INVENTORY!$J:$J,$A32,INVENTORY!$D:$D,$B32,INVENTORY!#REF!,">0")/$C32=1,"",1-COUNTIFS(INVENTORY!$J:$J,$A32,INVENTORY!$D:$D,$B32,INVENTORY!#REF!,">0")/$C32),"N/A") -> N/A | E32: 0.18181818 | F32: 0.18181818 | G32: 0.18181818 | H32: =IFERROR(IF(COUNTIFS(INVENTORY!$J:$J,$A32,INVENTORY!$D:$D,$B32,INVENTORY!#REF!,">0")/$C32=1,"",1-COUNTIFS(INVENTORY!$J:$J,$A32,INVENTORY!$D:$D,$B32,INVENTORY!#REF!,">0")/$C32),"N/A") -> N/A
A33: M VINTAGE POM | B33: SET | C33: 0 | D33: =IFERROR(IF(COUNTIFS(INVENTORY!$J:$J,$A33,INVENTORY!$D:$D,$B33,INVENTORY!#REF!,">0")/$C33=1,"",1-COUNTIFS(INVENTORY!$J:$J,$A33,INVENTORY!$D:$D,$B33,INVENTORY!#REF!,">0")/$C33),"N/A") -> N/A | E33: N/A | F33: N/A | G33: N/A | H33: =IFERROR(IF(COUNTIFS(INVENTORY!$J:$J,$A33,INVENTORY!$D:$D,$B33,INVENTORY!#REF!,">0")/$C33=1,"",1-COUNTIFS(INVENTORY!$J:$J,$A33,INVENTORY!$D:$D,$B33,INVENTORY!#REF!,">0")/$C33),"N/A") -> N/A
A35: LEGEND
A37: GREEN | B37: <25%
A38: BLUE | B38: 25% - 50%
A39: YELLOW | B39: 50% -75%
A40: RED | B40: 75%-99%
B41: 1

Sheet WAITING 4'S
A1: DATE | B1: SKU | C1: QTY | D1: FULFILLED?
A2: 45944 | B2: 59900 | C2: 1 | D2: TRUE
A3: 45944 | B3: 33980 | C3: 11 | D3: TRUE
A4: 45946 | B4: 56563 | C4: 1 | D4: TRUE
A5: 45950 | B5: 56501 | C5: 7 | D5: TRUE
A6: 45950 | B6: 39574 | C6: 5 | D6: TRUE
A7: 45950 | B7: 59910 | C7: 1 | D7: TRUE
A8: 45951 | B8: 82418 | C8: 1 | D8: FALSE
A9: 45951 | B9: 56504 | C9: 1 | D9: TRUE
A10: 45964 | B10: 05072 | C10: 3 | D10: TRUE
A11: 45974 | B11: 56592 | C11: 3 | D11: TRUE

Sheet FORMULA
A1: FORMULA | B1: NOTE
A2: {=IFERROR(IF(C3="SET",_xlfn.TEXTJOIN(", ",TRUE,_xlfn._xlws.FILTER(TRANSPOSE(TRIM(_xlfn.TEXTSPLIT(M3,","))),COUNTIFS(A$3:A$619,TRANSPOSE(TRIM(_xlfn.TEXTSPLIT(M3,","))),Q$3:Q$619,0))),""),"")} | B2: Calculates Items OOS (0 count)
A3: {=IFERROR(IF(D3="SET",_xlfn.TEXTJOIN(", ",TRUE,_xlfn._xlws.FILTER(TRANSPOSE(TRIM(_xlfn.TEXTSPLIT(N3,","))),COUNTIFS(B$3:B$619,TRANSPOSE(TRIM(_xlfn.TEXTSPLIT(N3,","))),V$3:V$619,"<5"))),""),"")} | B3: Calculates Items Low on Stock (<=5)

Sheet NOW (NOT ON WEB BUT AVAILABLE)
A1: SKU | B1: QTY
A2: 56532 | B2: 2

Sheet DISCO
A1: SKU | B1: DESCRIPTION | D1: NO RESTOCK | E1: P/L? | F1: DISCO | G1: CATEGORY | H1: FAMILY | I1: SELECT | J1: EA/ SET | K1: DOW | L1: M / P | M1: 45909 | N1: Actual | O1: Adj | Q1: on order?
A2: 5012 | B2: TreeSpirit™ Individual 7.5" and 9" Solid Wood Salad Bowls | C2: 05012 | E2: NO | F2: =ISNUMBER(SEARCH($F$1,B2)) -> FALSE | G2: TreeSpirit™ | J2: EA | K2: N/A | L2: P
A3: 34410 | B3: 2-Pc Kitchen Set, POM (39574, 39577) | C3: 34410 | E3: YES | F3: =ISNUMBER(SEARCH($F$1,B3)) -> FALSE | G3: POM Kitchen Tools | H3: Kitchen Tool Set | J3: SET | K3: FRI | L3: M
A4: 5025 | B4: TreeSpirit™ 12" and 15" Solid Wood Serving Bowls | C4: 05025 | E4: NO | F4: =ISNUMBER(SEARCH($F$1,B4)) -> FALSE | G4: TreeSpirit™ | J4: EA | K4: N/A | L4: P
A5: 34414 | B5: 2-Piece POM Turner Set Left-Hand (Slotted 52865 & Stiff, 39577) | C5: 34414 | E5: YES | F5: =ISNUMBER(SEARCH($F$1,B5)) -> FALSE | G5: POM Kitchen Tools | H5: Kitchen Tool Set | J5: SET | K5: FRI | L5: M
A6: 39297 | B6: MIDNIGHT Forged 22-Pc Knife Block set, Natural Walnut Block, Serrated Steak | C6: 39297 | E6: YES | F6: =ISNUMBER(SEARCH($F$1,B6)) -> FALSE | G6: Forged MIDNIGHT | H6: Block Set | J6: SET | K6: MON | L6: M
A7: 5026 | B7: TreeSpirit™ 12" and 15" Solid Wood Serving Bowls | C7: 05026 | E7: NO | F7: =ISNUMBER(SEARCH($F$1,B7)) -> FALSE | G7: TreeSpirit™ | J7: EA | K7: N/A | L7: P | Q7: ?
A8: 5068 | B8: TreeSpirit™ 16" Pantry Paddles - Walnut | C8: 05068 | E8: NO | F8: =ISNUMBER(SEARCH($F$1,B8)) -> FALSE | G8: TreeSpirit™ | J8: EA | K8: N/A | L8: P | Q8: ?
A9: 39530 | B9: 2-Pc Turner Kitchen Set, POM (39571, 39574) | C9: 39530 | E9: YES | F9: =ISNUMBER(SEARCH($F$1,B9)) -> FALSE | G9: POM Kitchen Tools | H9: Kitchen Tool Set | J9: SET | K9: FRI | L9: M
A10: 39802 | B10: WALNUT Handle Forged 10-Piece Block Set, Acacia Block, | C10: 39802 | E10: YES | F10: =ISNUMBER(SEARCH($F$1,B10)) -> FALSE | G10: Forged WALNUT | H10: Block Set | J10: SET | K10: WED | L10: M
A11: 39873 | B11: WALNUT Forged 3-Pc Cook Knife Set (39810, 39823, 39850) | C11: 39873 | E11: YES | F11: =ISNUMBER(SEARCH($F$1,B11)) -> FALSE | G11: Forged WALNUT | H11: Chef Set | J11: SET | K11: WED | L11: M
A12: 39890 | B12: WALNUT Forged 10-Pc Knife Block set, Natural Walnut Block | C12: 39890 | E12: YES | F12: =ISNUMBER(SEARCH($F$1,B12)) -> FALSE | G12: Forged WALNUT | H12: Block Set | J12: SET | K12: WED | L12: M
A13: 39892 | B13: WALNUT Forged 4-Pc Steak Knife Set, Fine Edge | C13: 39892 | E13: YES | F13: =ISNUMBER(SEARCH($F$1,B13)) -> FALSE | G13: Forged WALNUT | H13: Steak Set | J13: SET | K13: WED | L13: M
A14: 39896 | B14: WALNUT Forged 20-Pc Knife Block set, Natural Walnut Block, Fine Steak | C14: 39896 | E14: YES | F14: =ISNUMBER(SEARCH($F$1,B14)) -> FALSE | G14: Forged WALNUT | H14: Block Set | J14: SET | K14: WED | L14: M
A15: 39898 | B15: WALNUT Forged 22-Pc Knife Block set, Natural Walnut Block, Fine Steak | C15: 39898 | E15: YES | F15: =ISNUMBER(SEARCH($F$1,B15)) -> FALSE | G15: Forged WALNUT | H15: Block Set | J15: SET | K15: WED | L15: M
A16: 56524 | B16: WALNUT Handle Vintage 7-Piece Block Set, Acacia Block, | C16: 56524 | E16: YES | F16: =ISNUMBER(SEARCH($F$1,B16)) -> FALSE | G16: Vintage Walnut | H16: Block Set | J16: SET | K16: THU | L16: M
A17: 52822 | B17: Leather Sheath for 7.25" Meat Cleavers | C17: 52822 | E17: YES | F17: =ISNUMBER(SEARCH($F$1,B17)) -> FALSE | G17: Accessories | H17: Leather Sheath | J17: EA | K17: N/A | L17: P | Q17: ?
A18: 56584 | B18: WALNUT Handle Vintage 7-Pc Block Set (Walnut Block) | C18: 56584 | E18: YES | F18: =ISNUMBER(SEARCH($F$1,B18)) -> FALSE | G18: Vintage Walnut | H18: Block Set | J18: SET | K18: THU | L18: M
A19: 33575 | B19: Premier 20" Heavy Duty Walnut BBQ Knife | C19: 33575 | E19: NO | F19: =ISNUMBER(SEARCH($F$1,B19)) -> FALSE | G19: BBQ Premier | J19: EA | K19: FRI | L19: M
A20: 33960 | B20: 3" x 5" Turner with Walnut Handle | C20: 33960 | E20: NO | F20: =ISNUMBER(SEARCH($F$1,B20)) -> FALSE | G20: Walnut Kitchen Tools | J20: EA | K20: FRI | L20: M
A21: 56663 | B21: NOIR POM Handle Vintage 3-Piece Cook Knife Set (01, 04, 10) | C21: 56663 | E21: YES | F21: =ISNUMBER(SEARCH($F$1,B21)) -> FALSE | G21: Vintage POM-DISCO | H21: Chef Set | J21: SET | K21: N/A - D | L21: M
A22: 56667 | B22: NOIR POM Handle Vintage 4-Piece Chef Set (01,04,10,56) | C22: 56667 | E22: YES | F22: =ISNUMBER(SEARCH($F$1,B22)) -> FALSE | G22: Vintage POM-DISCO | H22: Chef Set | J22: SET | K22: N/A - D | L22: M
A23: 56669 | B23: NOIR POM Handle Vintage 2-Piece Carving Knife Set (12,60) | C23: 56669 | E23: YES | F23: =ISNUMBER(SEARCH($F$1,B23)) -> FALSE | G23: Vintage POM-DISCO | H23: Chef Set | J23: SET | K23: N/A - D | L23: M
A24: 33965 | B24: 3" x 5" Slotted Turner with Walnut Handle | C24: 33965 | E24: NO | F24: =ISNUMBER(SEARCH($F$1,B24)) -> FALSE | G24: Walnut Kitchen Tools | J24: EA | K24: FRI | L24: M
A25: 39580 | B25: 3" Sandwich Spreader, Wave Edge, POM Handle | C25: 39580 | E25: YES | F25: =ISNUMBER(SEARCH($F$1,B25)) -> FALSE | G25: POM Kitchen Tools | H25: Specialty | J25: EA | K25: FRI | L25: M
A26: 59969 | B26: FIRE Forged 2-Pc Carving Knife Set (59945, 59960) | C26: 59969 | E26: YES | F26: =ISNUMBER(SEARCH($F$1,B26)) -> FALSE | G26: Forged FIRE | H26: Carving Set | J26: SET | K26: TUE | L26: M
A27: 59973 | B27: FIRE Forged 3-Pc Cook Knife Set (59910, 59923, 59950) | C27: 59973 | E27: YES | F27: =ISNUMBER(SEARCH($F$1,B27)) -> FALSE | G27: Forged FIRE | H27: Chef Set | J27: SET | K27: TUE | L27: M
A28: 59997 | B28: FIRE Forged 22-Pc Knife Block set, Natural Walnut Block, Serrated Steak | C28: 59997 | E28: YES | F28: =ISNUMBER(SEARCH($F$1,B28)) -> FALSE | G28: Forged FIRE | H28: Block Set | J28: SET | K28: TUE | L28: M
A29: 39584 | B29: 3" x 8" Perforated Turner, POM Handle | C29: 39584 | E29: YES | F29: =ISNUMBER(SEARCH($F$1,B29)) -> FALSE | G29: POM Kitchen Tools | H29: Turner | J29: EA | K29: FRI | L29: M
A30: 69968 | B30: ICE Forged 4-Pc Steak Knife Set, Serrated | C30: 69968 | E30: YES | F30: =ISNUMBER(SEARCH($F$1,B30)) -> FALSE | G30: Forged ICE | H30: Steak Set | J30: SET | K30: WED | L30: M
A31: 56534 | B31: Brad Leone Medium Griddle Turner, Walnut Handle | C31: 56534 | E31: YES | F31: =ISNUMBER(SEARCH($F$1,B31)) -> FALSE | G31: Brad Leone | H31: Turner | J31: EA | K31: THU | L31: M
A32: 56601 | B32: NOIR POM Handle Vintage 3.5" Paring Knife | C32: 56601 | E32: YES | F32: =ISNUMBER(SEARCH($F$1,B32)) -> FALSE | G32: Vintage POM-DISCO | H32: Paring | J32: EA | K32: N/A - D | L32: M
A33: 5028 | B33: TreeSpirit™ 7-Piece Salad Bowl and Serving Sets | C33: 05028 | E33: NO | F33: =ISNUMBER(SEARCH($F$1,B33)) -> FALSE | G33: TreeSpirit™ | J33: SET | K33: N/A | L33: P | Q33: ?
A34: 56610 | B34: NOIR POM Handle Vintage 8" Chef Knife | C34: 56610 | E34: YES | F34: =ISNUMBER(SEARCH($F$1,B34)) -> FALSE | G34: Vintage POM-DISCO | H34: Chef | J34: EA | K34: N/A - D | L34: M
A35: 33576 | B35: Premier 20" Walnut Heavy-Duty 4-Piece Deluxe BBQ Set NOW WITH KNIFE | C35: 33576 | E35: NO | F35: =ISNUMBER(SEARCH($F$1,B35)) -> FALSE | G35: BBQ Premier | J35: SET | K35: FRI | L35: M
A36: 7011 | B36: The Original Silicone HotSpot - 7″ x 7″ - Clear | C36: 07011 | D36: 1 | E36: NO | F36: =ISNUMBER(SEARCH($F$1,B36)) -> FALSE | G36: HotSpot™ | J36: EA | K36: N/A | L36: P
A37: 59935 | B37: FIRE Forged 6" Utility Knife | C37: 59935 | E37: YES | F37: =ISNUMBER(SEARCH($F$1,B37)) -> FALSE | G37: Forged FIRE | H37: Utility | J37: EA | K37: TUE | L37: M
A38: 59945 | B38: FIRE Forged 10" Slicing Knife | C38: 59945 | E38: YES | F38: =ISNUMBER(SEARCH($F$1,B38)) -> FALSE | G38: Forged FIRE | H38: Carving | J38: EA | K38: TUE | L38: M
A39: 69925 | B39: ICE Forged 6" Fillet/Boning Knife | C39: 69925 | E39: YES | F39: =ISNUMBER(SEARCH($F$1,B39)) -> FALSE | G39: Forged ICE | H39: Boning | J39: EA | K39: WED | L39: M
A40: 56587 | B40: WALNUT Handle Vintage 20-Pc Block Set (Walnut Block) Fine Edge | C40: 56587 | E40: YES | F40: =ISNUMBER(SEARCH($F$1,B40)) -> FALSE | G40: Vintage Walnut | H40: Block Set | J40: SET | K40: THU | L40: M
A41: 33950 | B41: 2" x 4" Turner with Walnut Handle | C41: 33950 | D41: 1 | E41: NO | F41: =ISNUMBER(SEARCH($F$1,B41)) -> FALSE | G41: Walnut Kitchen Tools | J41: EA | K41: FRI | L41: M
A42: 33955 | B42: 2" x 4" Slotted Turner with Walnut Handle | C42: 33955 | D42: 1 | E42: NO | F42: =ISNUMBER(SEARCH($F$1,B42)) -> FALSE | G42: Walnut Kitchen Tools | J42: EA | K42: FRI | L42: M
A43: 39284 | B43: MIDNIGHT Forged 10-Pc Knife Block set, Maple Block | C43: 39284 | E43: YES | F43: =ISNUMBER(SEARCH($F$1,B43)) -> FALSE | G43: Forged MIDNIGHT | H43: Block Set | J43: EA | K43: MON | L43: M
A44: 39290 | B44: MIDNIGHT Forged 10-Pc Knife Block set, Natural Walnut Block | C44: 39290 | E44: YES | F44: =ISNUMBER(SEARCH($F$1,B44)) -> FALSE | G44: Forged MIDNIGHT | H44: Block Set | J44: EA | K44: MON | L44: M
A45: 7459 | B45: HoneyComb™ HotSpot™- (7" x 7") - Green | C45: 07459 | D45: 1 | E45: YES | F45: =ISNUMBER(SEARCH($F$1,B45)) -> FALSE | G45: HotSpot™ | H45: Honeycomb | J45: EA | K45: N/A | L45: P
A46: 39257 | B46: MIDNIGHT Forged 10" Bread Knife, Serrated | C46: 39257 | E46: YES | F46: =ISNUMBER(SEARCH($F$1,B46)) -> FALSE | G46: Forged MIDNIGHT | H46: Bread | J46: EA | K46: MON | L46: M
A47: 56603 | B47: NOIR POM Handle Vintage 5" Steak Knife, Fine-Edge | C47: 56603 | E47: YES | F47: =ISNUMBER(SEARCH($F$1,B47)) -> FALSE | G47: Vintage POM-DISCO | H47: Steak | J47: EA | K47: N/A - D | L47: M
A48: 39201 | B48: MIDNIGHT Handle Forged 7-Piece Block Set, Acacia Block, | C48: 39201 | E48: YES | F48: =ISNUMBER(SEARCH($F$1,B48)) -> FALSE | G48: Forged MIDNIGHT | H48: Block Set | J48: SET | K48: MON | L48: M
A49: 39202 | B49: MIDNIGHT Handle Forged 10-Piece Block Set, Acacia Block, | C49: 39202 | E49: YES | F49: =ISNUMBER(SEARCH($F$1,B49)) -> FALSE | G49: Forged MIDNIGHT | H49: Block Set | J49: SET | K49: MON | L49: M
A50: 56613 | B50: NOIR POM Handle Vintage 8" Bread Knife | C50: 56613 | E50: YES | F50: =ISNUMBER(SEARCH($F$1,B50)) -> FALSE | G50: Vintage POM-DISCO | H50: Bread | J50: EA | K50: N/A - D | L50: M
A51: 5029 | B51: TreeSpirit™ 7-Piece Salad Bowl and Serving Sets | C51: 05029 | E51: NO | F51: =ISNUMBER(SEARCH($F$1,B51)) -> FALSE | G51: TreeSpirit™ | J51: SET | K51: N/A | L51: P | Q51: ?
A52: 39864 | B52: WALNUT Forged 4-Pc Cook Knife Set (39810, 39825, 39840, 39850) | C52: 39864 | E52: YES | F52: =ISNUMBER(SEARCH($F$1,B52)) -> FALSE | G52: Forged WALNUT | H52: Chef Set | J52: SET | K52: WED | L52: M
A53: 39869 | B53: WALNUT Forged 2-Pc Carving Knife Set (39845, 39860) | C53: 39869 | E53: YES | F53: =ISNUMBER(SEARCH($F$1,B53)) -> FALSE | G53: Forged WALNUT | H53: Carving Set | J53: SET | K53: WED | L53: M
A54: 39883 | B54: WALNUT Forged 7-Pc Knife Block set, Maple Block | C54: 39883 | E54: YES | F54: =ISNUMBER(SEARCH($F$1,B54)) -> FALSE | G54: Forged WALNUT | H54: Block Set | J54: SET | K54: WED | L54: M
A55: 39889 | B55: WALNUT Forged 7-Pc Knife Block set, Natural Walnut Block | C55: 39889 | E55: YES | F55: =ISNUMBER(SEARCH($F$1,B55)) -> FALSE | G55: Forged WALNUT | H55: Block Set | J55: SET | K55: WED | L55: M
A56: 39897 | B56: WALNUT Forged 22-Pc Knife Block set, Natural Walnut Block, Serrated Steak | C56: 39897 | E56: YES | F56: =ISNUMBER(SEARCH($F$1,B56)) -> FALSE | G56: Forged WALNUT | H56: Block Set | J56: SET | K56: WED | L56: M
A57: 56525 | B57: WALNUT Handle Vintage 10-Piece Block Set, Acacia Block, | C57: 56525 | E57: YES | F57: =ISNUMBER(SEARCH($F$1,B57)) -> FALSE | G57: Vintage Walnut | H57: Block Set | J57: SET | K57: THU | L57: M
A58: 56544 | B58: WALNUT Vintage 7-Pc Block Set ( Maple Block) | C58: 56544 | E58: YES | F58: =ISNUMBER(SEARCH($F$1,B58)) -> FALSE | G58: Vintage Walnut | H58: Block Set | J58: SET | K58: THU | L58: M
A59: 5032 | B59: TreeSpirit™ 7-Piece Salad Bowl and Serving Sets | C59: 05032 | E59: NO | F59: =ISNUMBER(SEARCH($F$1,B59)) -> FALSE | G59: TreeSpirit™ | J59: SET | K59: N/A | L59: P | Q59: ?
A60: 5044 | B60: TreeSpirit™ 2-Piece Salad Server Sets | C60: 05044 | E60: NO | F60: =ISNUMBER(SEARCH($F$1,B60)) -> FALSE | G60: TreeSpirit™ | J60: SET | K60: N/A | L60: P | Q60: ?
A61: 56625 | B61: NOIR POM Handle Vintage 10-Piece Block Set (Acacia Block) | C61: 56625 | E61: YES | F61: =ISNUMBER(SEARCH($F$1,B61)) -> FALSE | G61: Vintage POM-DISCO | H61: Block Set | J61: SET | K61: N/A - D | L61: M
A62: 56673 | B62: NOIR POM Handle Vintage 6-Piece Cook's Set | C62: 56673 | E62: YES | F62: =ISNUMBER(SEARCH($F$1,B62)) -> FALSE | G62: Vintage POM-DISCO | H62: Chef Set | J62: SET | K62: N/A - D | L62: M
A63: 56684 | B63: NOIR POM Handle Vintage 7-Piece Block Set (Walnut) | C63: 56684 | E63: YES | F63: =ISNUMBER(SEARCH($F$1,B63)) -> FALSE | G63: Vintage POM-DISCO | H63: Block Set | J63: SET | K63: N/A - D | L63: M
A64: 59901 | B64: FIRE Handle Forged 7-Piece Block Set, Acacia Block, | C64: 59901 | E64: YES | F64: =ISNUMBER(SEARCH($F$1,B64)) -> FALSE | G64: Forged FIRE | H64: Block Set | J64: SET | K64: TUE | L64: M
A65: 59902 | B65: FIRE Handle Forged 10-Piece Block Set, Acacia Block, | C65: 59902 | E65: YES | F65: =ISNUMBER(SEARCH($F$1,B65)) -> FALSE | G65: Forged FIRE | H65: Block Set | J65: SET | K65: TUE | L65: M
A66: 59984 | B66: FIRE Forged 10-Pc Knife Block set, Maple Block | C66: 59984 | E66: YES | F66: =ISNUMBER(SEARCH($F$1,B66)) -> FALSE | G66: Forged FIRE | H66: Block Set | J66: SET | K66: TUE | L66: M
A67: 59988 | B67: FIRE Forged 22-Pc Knife Block set, Maple Block, Fine Steak | C67: 59988 | E67: YES | F67: =ISNUMBER(SEARCH($F$1,B67)) -> FALSE | G67: Forged FIRE | H67: Block Set | J67: SET | K67: TUE | L67: M
A68: 59989 | B68: FIRE Forged 7-Pc Knife Block set, Natural Walnut Block | C68: 59989 | E68: YES | F68: =ISNUMBER(SEARCH($F$1,B68)) -> FALSE | G68: Forged FIRE | H68: Block Set | J68: SET | K68: TUE | L68: M
A69: 59990 | B69: FIRE Forged 10-Pc Knife Block set, Natural Walnut Block | C69: 59990 | E69: YES | F69: =ISNUMBER(SEARCH($F$1,B69)) -> FALSE | G69: Forged FIRE | H69: Block Set | J69: SET | K69: TUE | L69: M
A70: 59996 | B70: FIRE Forged 20-Pc Knife Block set, Natural Walnut Block, Fine Steak | C70: 59996 | E70: YES | F70: =ISNUMBER(SEARCH($F$1,B70)) -> FALSE | G70: Forged FIRE | H70: Block Set | J70: SET | K70: TUE | L70: M
A71: 69901 | B71: ICE Handle Forged 7-Piece Block Set, Acacia Block, | C71: 69901 | E71: YES | F71: =ISNUMBER(SEARCH($F$1,B71)) -> FALSE | G71: Forged ICE | H71: Block Set | J71: SET | K71: WED | L71: M
A72: 69983 | B72: ICE Forged 7-Pc Knife Block set, Maple Block | C72: 69983 | E72: YES | F72: =ISNUMBER(SEARCH($F$1,B72)) -> FALSE | G72: Forged ICE | H72: Block Set | J72: SET | K72: WED | L72: M
... A88: 69963 | B88: ICE Forged 3-Pc Chef Knife Set (69910, 69935, 69950) | C88: 69963 | E88: YES | F88: =ISNUMBER(SEARCH($F$1,B88)) -> FALSE | G88: Forged ICE | H88: Chef Set | J88: SET | K88: WED | L88: M
A89: 56780 | B89: Vintage 6-Piece Kitchen Tool Set with Presidential Pink Handles, Right Hand or Left Hand - Right-Hand | C89: 56780 | E89: NO | F89: =ISNUMBER(SEARCH($F$1,B89)) -> FALSE | J89: SET | K89: THU | L89: M
A90: 39286 | B90: MIDNIGHT Forged 20-Pc Knife Block set, Maple Block, Fine Steak | C90: 39286 | E90: YES | F90: =ISNUMBER(SEARCH($F$1,B90)) -> FALSE | G90: Forged MIDNIGHT | H90: Block Set | J90: EA | K90: MON | L90: M
A91: 39289 | B91: MIDNIGHT Forged 7-Pc Knife Block set, Natural Walnut Block | C91: 39289 | E91: YES | F91: =ISNUMBER(SEARCH($F$1,B91)) -> FALSE | G91: Forged MIDNIGHT | H91: Block Set | J91: EA | K91: MON | L91: M
A92: 39295 | B92: MIDNIGHT Forged 20-Pc Knife Block set, Natural Walnut Block, Serrated Steak | C92: 39295 | E92: YES | F92: =ISNUMBER(SEARCH($F$1,B92)) -> FALSE | G92: Forged MIDNIGHT | H92: Block Set | J92: EA | K92: MON | L92: M
A93: 39283 | B93: MIDNIGHT Forged 7-Pc Knife Block set, Maple Block | C93: 39283 | E93: YES | F93: =ISNUMBER(SEARCH($F$1,B93)) -> FALSE | G93: Forged MIDNIGHT | H93: Block Set | J93: SET | K93: MON | L93: M
A94: 39288 | B94: MIDNIGHT Forged 22-Pc Knife Block set, Maple Block, Fine Steak | C94: 39288 | E94: YES | F94: =ISNUMBER(SEARCH($F$1,B94)) -> FALSE | G94: Forged MIDNIGHT | H94: Block Set | J94: SET | K94: MON | L94: M
A95: 5022 | B95: TreeSpirit™ 12" and 15" Solid Wood Serving Bowls | C95: 05022 | E95: NO | F95: =ISNUMBER(SEARCH($F$1,B95)) -> FALSE | G95: TreeSpirit™ | J95: EA | K95: N/A | L95: P | Q95: ?
A96: 39801 | B96: WALNUT Handle Forged 7-Piece Block Set, Acacia Block, | C96: 39801 | E96: YES | F96: =ISNUMBER(SEARCH($F$1,B96)) -> FALSE | G96: Forged WALNUT | H96: Block Set | J96: SET | K96: WED | L96: M
A97: 39885 | B97: WALNUT Forged 20-Pc Knife Block set, Maple Block, Serrated Steak | C97: 39885 | E97: YES | F97: =ISNUMBER(SEARCH($F$1,B97)) -> FALSE | G97: Forged WALNUT | H97: Block Set | J97: SET | K97: WED | L97: M
A98: 39886 | B98: WALNUT Forged 20-Pc Knife Block set, Maple Block, Fine Steak | C98: 39886 | E98: YES | F98: =ISNUMBER(SEARCH($F$1,B98)) -> FALSE | G98: Forged WALNUT | H98: Block Set | J98: SET | K98: WED | L98: M
A99: 39887 | B99: WALNUT Forged 22-Pc Knife Block set, Maple Block, Serrated Steak | C99: 39887 | E99: YES | F99: =ISNUMBER(SEARCH($F$1,B99)) -> FALSE | G99: Forged WALNUT | H99: Block Set | J99: SET | K99: WED | L99: M
A100: 39888 | B100: WALNUT Forged 22-Pc Knife Block set, Maple Block, Fine Steak | C100: 39888 | E100: YES | F100: =ISNUMBER(SEARCH($F$1,B100)) -> FALSE | G100: Forged WALNUT | H100: Block Set | J100: SET | K100: WED | L100: M
A101: 39895 | B101: WALNUT Forged 20-Pc Knife Block set, Natural Walnut Block, Serrated Steak | C101: 39895 | E101: YES | F101: =ISNUMBER(SEARCH($F$1,B101)) -> FALSE | G101: Forged WALNUT | H101: Block Set | J101: SET | K101: WED | L101: M
A102: 56572 | B102: WALNUT Handle Vintage 2-Pc Chef Set (56510, 56556) | C102: 56572 | E102: YES | F102: =ISNUMBER(SEARCH($F$1,B102)) -> FALSE | G102: Vintage Walnut | H102: Chef Set | J102: SET | K102: THU | L102: M
A103: 56626 | B103: NOIR POM Handle Vintage 20-Piece Block Set (Acacia Block), Serrated Steak | C103: 56626 | E103: YES | F103: =ISNUMBER(SEARCH($F$1,B103)) -> FALSE | G103: Vintage POM-DISCO | H103: Block Set | J103: SET | K103: N/A - D | L103: M
A104: 56627 | B104: NOIR POM Handle Vintage 20-Piece Block Set (Acacia Block), Fine-Edge Steak | C104: 56627 | E104: YES | F104: =ISNUMBER(SEARCH($F$1,B104)) -> FALSE | G104: Vintage POM-DISCO | H104: Block Set | J104: SET | K104: N/A - D | L104: M
A105: 56644 | B105: NOIR POM Handle Vintage 7-Piece Block Set (Maple) | C105: 56644 | E105: YES | F105: =ISNUMBER(SEARCH($F$1,B105)) -> FALSE | G105: Vintage POM-DISCO | H105: Block Set | J105: SET | K105: N/A - D | L105: M
A106: 56645 | B106: NOIR POM Handle Vintage 10-Piece Block Set (Maple) | C106: 56645 | E106: YES | F106: =ISNUMBER(SEARCH($F$1,B106)) -> FALSE | G106: Vintage POM-DISCO | H106: Block Set | J106: SET | K106: N/A - D | L106: M
A107: 56646 | B107: NOIR POM Handle Vintage 20-Piece Block Set (Maple) Serrated | C107: 56646 | E107: YES | F107: =ISNUMBER(SEARCH($F$1,B107)) -> FALSE | G107: Vintage POM-DISCO | H107: Block Set | J107: SET | K107: N/A - D | L107: M
... A132: 79998 | B132: SIERRA Forged 22-Pc Knife Block set, Natural Walnut Block, Fine Steak | C132: 79998 | E132: YES | F132: =ISNUMBER(SEARCH($F$1,B132)) -> FALSE | G132: Forged SIERRA | H132: Block Set | J132: SET | K132: THU | L132: M
A133: 5031 | B133: TreeSpirit™ 7-Piece Salad Bowl and Serving Sets | C133: 05031 | E133: NO | F133: =ISNUMBER(SEARCH($F$1,B133)) -> FALSE | G133: TreeSpirit™ | J133: SET | K133: THU | L133: M
A134: 59985-1 | B134: 20-Piece Premier Forged Knife Block Set - FIRE | C134: 59985-1 | E134: NO | F134: =ISNUMBER(SEARCH($F$1,B134)) -> FALSE | G134: Forged FIRE | J134: SET | K134: TUE | L134: M
A135: 59986-1 | B135: 20-Piece Premier Forged Knife Block Set- FIRE | C135: 59986-1 | E135: NO | F135: =ISNUMBER(SEARCH($F$1,B135)) -> FALSE | G135: Forged FIRE | J135: SET | K135: TUE | L135: M
A136: 59995-1 | B136: 20-Piece Premier Forged Knife Block Set - FIRE | C136: 59995-1 | E136: NO | F136: =ISNUMBER(SEARCH($F$1,B136)) -> FALSE | G136: Forged FIRE | J136: SET | K136: TUE | L136: M
A137: 59996-1 | B137: 20-Piece Premier Forged Knife Block Set - FIRE | C137: 59996-1 | E137: NO | F137: =ISNUMBER(SEARCH($F$1,B137)) -> FALSE | G137: Forged FIRE | J137: SET | K137: TUE | L137: M
A138: 79985-1 | B138: 20-Piece Premier Forged Knife Block Set - SIERRA | C138: 79985-1 | E138: NO | F138: =ISNUMBER(SEARCH($F$1,B138)) -> FALSE | G138: Forged SIERRA | J138: SET | K138: THU | L138: M
A139: 79986-1 | B139: 20-Piece Premier Forged Knife Block Set - SIERRA | C139: 79986-1 | E139: NO | F139: =ISNUMBER(SEARCH($F$1,B139)) -> FALSE | G139: Forged SIERRA | J139: SET | K139: THU | L139: M
...
